Date,aapl.csv,acn.csv,amzn.csv,cost.csv,dis.csv,f.csv,fb.csv,gild.csv,googl.csv,jpm.csv,ko.csv,luv.csv,ma.csv,msft.csv,pfe.csv,tsla.csv,unh.csv,xom.csv
01/02/18,172.2600,153.8400,1189.0100,188.3200,111.8000,12.6600,181.4200,74.1000,1073.2100,107.9500,45.5400,66.2900,151.9100,85.9500,36.4400,320.5300,221.1600,85.0300
01/03/18,172.2300,154.5500,1204.2000,190.5800,112.2800,12.7600,184.6700,74.6600,1091.5200,108.0600,45.4400,64.9100,153.8200,86.3500,36.7100,317.2500,223.4800,86.7000
01/04/18,173.0300,156.3800,1209.5900,189.1000,112.2300,12.9800,184.3300,73.9000,1095.7600,109.0400,46.0800,64.7000,155.8100,87.1100,36.7900,314.6200,224.4500,86.8200
01/05/18,175.0000,157.6700,1229.1400,187.7500,111.6200,13.2000,186.8500,74.5200,1110.2900,108.3400,46.0700,64.3200,159.0400,88.1900,36.8600,316.5800,228.7300,86.7500
01/08/18,174.3500,158.9300,1246.8700,188.4800,110.0200,13.1500,188.2800,74.4000,1114.2100,108.5000,46.0000,64.0000,159.2700,88.2800,36.4500,336.4100,224.7600,87.1400
01/09/18,174.3300,159.4600,1252.7000,186.2900,109.9400,13.0800,187.8700,78.1000,1112.7900,109.0500,46.2300,62.3800,159.5000,88.2200,36.4100,333.6900,225.8800,86.7700
01/10/18,174.2900,158.9000,1254.3300,185.4200,109.4700,13.0300,187.8400,78.7100,1110.1400,110.2500,46.0700,62.9600,159.8600,87.8200,36.4700,334.8000,224.2000,86.0800
01/11/18,175.2800,159.1100,1276.6800,189.3800,110.9900,13.1600,187.7700,79.0600,1112.0500,110.8400,46.0400,64.8400,160.9200,88.0800,36.5600,337.9500,225.3900,86.9300
01/12/18,177.0900,160.1100,1305.2000,191.8400,112.4700,13.2300,179.3700,79.0200,1130.6500,112.6700,46.1500,65.3600,162.3300,89.6000,36.5400,336.2200,228.6400,87.5200
01/16/18,176.1900,157.9600,1304.8600,191.5300,110.6900,13.1000,178.3900,80.2500,1130.7000,112.2700,46.5300,65.4700,162.2900,88.3500,36.6000,340.0600,232.9000,86.9700
01/17/18,179.1000,160.2100,1295.0000,192.2900,111.9700,12.1800,177.6000,81.7400,1139.1000,112.9900,46.8200,66.0700,164.3200,90.1400,37.1800,347.1600,238.4300,88.0000
01/18/18,179.2600,160.9400,1293.3200,191.5100,110.4200,12.0700,179.8000,81.1700,1135.9700,113.2600,46.8800,65.0600,165.4800,90.1000,36.9900,344.5700,243.1600,87.4300
01/19/18,178.4600,161.7500,1294.5800,192.2900,110.5900,12.0000,181.2900,80.9800,1143.5000,113.0100,47.1600,65.0500,166.8300,90.0000,36.9400,350.0200,243.3500,87.1500
01/22/18,177.0000,161.4300,1327.3100,194.3800,111.1000,12.0200,185.3700,81.4100,1164.1600,114.3300,47.3800,64.8900,168.2800,91.6100,36.9300,351.5600,243.5600,88.2500
01/23/18,177.0400,160.8800,1362.5400,193.4200,110.4100,11.9600,189.3500,80.9500,1176.1700,114.2100,47.4500,65.2600,167.1900,91.9000,36.8200,352.7900,245.2100,88.3000
01/24/18,174.2200,160.6000,1357.5100,194.2400,110.5000,12.0500,186.5500,81.3000,1171.2900,115.6700,47.8300,62.2100,167.0100,91.8200,36.9300,345.8900,244.8500,88.5300
01/25/18,171.1100,160.7900,1377.9500,197.9500,110.5500,11.5700,187.4800,81.1900,1182.1400,115.7000,47.8400,60.1900,168.5900,92.3300,37.2300,337.6400,245.1800,88.3700
01/26/18,171.5100,162.5500,1402.0500,198.9100,112.1900,11.6500,190.0000,85.4600,1187.5600,116.3200,48.5300,60.8200,170.3400,94.0600,39.0100,342.8500,248.4700,89.0000
01/29/18,167.9600,161.1900,1417.6800,198.3200,111.5400,11.1200,185.9800,88.8000,1186.4800,116.2000,47.7000,60.3600,168.5500,93.9200,39.0200,349.5300,247.4100,88.0100
01/30/18,166.9700,159.7000,1437.8200,197.9100,110.1100,11.0600,187.1200,87.2900,1177.3700,115.1100,47.4100,59.8300,167.1900,92.7400,37.8000,345.8200,236.6500,86.7800
01/31/18,167.4300,160.7000,1450.8900,194.8700,108.6700,10.9700,186.8900,83.8000,1182.2200,115.6700,47.5900,60.8000,169.0000,95.0100,37.0400,354.3100,236.7800,87.3000
02/01/18,167.7800,160.4600,1390.0000,193.4700,110.4900,10.9200,193.0900,83.4900,1181.5900,116.8700,47.4500,60.3100,172.9300,94.2600,36.8300,349.2500,235.2200,89.0700
02/02/18,160.5000,156.9000,1429.9500,190.9900,108.7000,10.7100,190.2800,81.7300,1119.2000,114.2800,46.7300,58.7100,170.5500,91.7800,36.6100,343.7500,231.8800,84.5300
02/05/18,156.4900,151.8300,1390.0000,182.7700,104.7000,10.2400,181.2600,78.3700,1062.3900,108.8000,44.8900,56.9900,164.5900,88.0000,34.6700,333.1300,220.0200,79.7200
02/06/18,163.0300,154.6900,1442.8400,185.0100,106.1700,10.7600,185.3100,80.3800,1084.4300,112.1100,44.6700,58.1400,169.2800,91.3300,35.2800,333.9700,225.1800,78.3500
02/07/18,159.5400,155.1500,1416.7800,183.1900,104.7600,10.7600,180.1800,82.7600,1055.4100,112.8700,44.5600,57.8900,168.7300,89.6100,34.9800,345.0000,225.8200,76.9400
02/08/18,155.1500,150.5100,1350.5000,178.6100,101.3500,10.4300,171.5800,78.2200,1007.7100,107.8800,43.1000,55.6300,160.6200,85.0100,33.6300,315.2300,216.4600,76.0700
02/09/18,156.4100,153.8400,1339.6000,180.7200,103.0900,10.5300,176.1100,79.3200,1046.2700,110.0400,43.1300,55.5000,165.2000,88.1800,34.1600,310.4200,220.9600,75.7800
02/12/18,162.7100,154.9500,1386.2300,181.0600,103.3900,10.7000,176.4100,80.1400,1054.5600,111.7400,43.9700,56.8100,168.1900,89.1300,34.6600,315.7300,225.6900,76.4200
02/13/18,164.3400,156.8400,1414.5100,184.1500,104.1200,10.5900,173.1500,80.7900,1054.1400,112.4300,44.1900,57.1600,170.1200,89.8300,34.9400,323.6600,226.6400,76.3000
02/14/18,167.3700,159.7900,1451.0500,187.3500,104.6000,10.7400,179.5200,81.8200,1072.7000,115.0300,44.1000,57.7300,172.5200,90.8100,35.1900,322.3100,228.7800,76.4600
02/15/18,172.9900,161.0600,1461.7600,191.4800,105.1800,10.7600,179.9600,81.5500,1091.3600,115.5100,44.7800,58.1800,174.6900,92.6600,35.7100,334.0700,226.0200,76.2100
02/16/18,172.4300,162.6600,1448.6900,191.5600,106.5300,10.6100,177.3600,80.7000,1095.5000,114.6800,44.9800,58.2700,175.6500,92.0000,36.2600,335.4900,229.3700,76.5400
02/20/18,171.8500,161.4400,1468.3500,188.1200,105.9800,10.6300,176.0100,80.9400,1103.5900,114.7100,43.9900,57.7300,175.3500,92.7200,36.0100,334.7700,226.6600,75.7500
02/21/18,171.0700,160.4600,1482.9200,185.7500,105.0500,10.6000,177.9100,80.6900,1113.7500,115.1900,43.3400,58.0300,172.3200,91.4900,35.7600,333.3000,225.1300,74.8900
02/22/18,172.5000,160.3200,1485.3400,186.5900,105.2400,10.6300,178.9900,79.4000,1109.9000,114.9800,43.5200,57.3200,172.9500,91.7300,35.7400,346.1700,227.0900,75.8600
02/23/18,175.5000,162.9500,1500.0000,189.8100,107.2500,10.7000,183.2900,80.9100,1128.0900,117.3100,44.0400,57.9900,175.7600,94.0600,36.2600,352.0500,230.1600,77.5300
02/26/18,178.9700,164.7400,1521.9500,192.8100,109.8100,10.8900,184.9300,81.7900,1143.7000,118.7700,44.0300,59.5000,177.8700,95.4200,37.0900,357.4200,234.0600,78.8400
02/27/18,178.3900,162.5500,1511.9800,190.1000,104.8700,10.6100,181.4600,80.3600,1117.5100,117.3600,43.6200,58.4800,175.9300,94.2000,36.8000,350.9900,232.5200,77.5000
02/28/18,178.1200,161.0100,1512.4500,190.9000,103.1600,10.6100,178.3200,78.7300,1103.9200,115.5000,43.2200,57.8400,175.7600,93.7700,36.3100,343.0600,226.1600,75.7400
03/01/18,175.0000,156.1500,1493.4500,189.0300,102.5700,10.2900,175.9400,77.5300,1071.4100,113.4300,43.4300,58.0100,173.4900,92.8500,35.6300,330.9300,224.4500,75.2000
03/02/18,176.2100,157.5000,1500.2500,189.3300,102.9900,10.4000,176.6200,78.6900,1084.1400,113.3200,43.7200,57.8100,175.0200,93.0500,35.9500,335.1200,225.1900,75.5500
03/05/18,176.8200,158.8500,1523.6100,191.4800,103.4100,10.5800,180.4000,77.9200,1094.7600,115.0600,43.8900,58.3800,178.5300,93.6400,36.1200,333.3500,228.3800,76.2700
03/06/18,176.6700,158.0300,1537.6400,191.4600,104.9400,10.6300,179.7800,79.3200,1100.9000,115.1600,43.9300,58.2500,177.5300,93.3200,35.8800,328.2000,226.1800,76.1800
03/07/18,175.0300,158.5500,1545.0000,187.3600,103.5900,10.6300,183.7100,79.9900,1115.0400,114.7300,43.8200,57.5700,179.2100,93.8600,35.9300,332.3000,227.2700,74.2600
03/08/18,176.9400,158.5000,1551.8600,185.6900,104.0300,10.6100,182.3400,80.0700,1129.3800,114.7400,44.4500,58.3700,179.2500,94.4300,36.5000,329.1000,224.7300,74.1200
03/09/18,179.9800,161.5100,1578.8900,188.5800,104.7300,10.7300,185.2300,80.7200,1160.8400,118.0400,44.8200,59.7000,183.2400,96.5400,36.7700,327.1700,225.4300,74.5600
03/12/18,181.7200,161.6900,1598.3900,189.3700,105.1700,10.8100,184.7600,81.0600,1165.9300,117.6600,44.5300,59.7600,182.5400,96.7700,36.6100,345.5100,222.7700,75.2400
03/13/18,179.9700,162.4900,1588.1800,187.4600,103.7300,10.7800,181.8800,81.7200,1139.9100,116.2500,44.5700,60.3300,181.0100,94.4100,36.7500,341.8400,226.9400,74.5300
03/14/18,178.4400,161.0000,1591.0000,184.6300,103.9000,11.0200,184.1900,81.1000,1148.8900,114.9500,43.7800,59.6200,180.1200,93.8500,36.3500,326.6300,225.3800,73.6000
03/15/18,178.6500,162.8600,1582.3200,185.5100,103.2400,11.0700,183.8600,79.5100,1150.6100,115.2400,43.6700,59.9400,180.9500,94.1800,36.5800,325.6000,229.4800,74.4200
03/16/18,178.0200,160.8900,1571.6800,185.8700,102.8700,11.1500,185.0900,79.7400,1134.4200,115.4400,43.4600,60.9000,182.5500,94.6000,36.7800,321.3500,227.8600,75.1200
03/19/18,175.3000,160.6200,1544.9300,184.1500,101.4800,11.0100,172.5600,77.1800,1100.0700,114.5300,43.2600,60.6000,180.5800,92.8900,36.3300,313.5600,225.0500,74.1500
03/20/18,175.2400,162.8800,1586.5100,187.3500,101.3500,10.9900,168.1500,76.9200,1095.8000,114.6400,43.1600,60.6900,182.5100,93.1300,36.3300,310.5500,226.7800,73.9900
03/21/18,171.2700,162.0300,1581.8600,186.0700,101.8200,11.1000,169.3900,76.4900,1094.0000,114.7400,43.0000,57.7800,180.7500,92.4800,36.2700,316.5300,222.8200,75.0400
03/22/18,168.8500,150.2300,1544.9200,182.6400,100.6000,10.7500,164.8900,75.5700,1053.1500,109.9500,42.7600,57.0000,175.5200,89.7900,35.6000,309.1000,215.2100,73.5000
03/23/18,164.9400,147.3500,1495.5600,180.8400,98.5400,10.5600,159.3900,72.8400,1026.5500,107.0100,42.3300,56.7200,171.8300,87.1800,34.4900,301.5400,212.5500,72.8900
03/26/18,172.7700,152.8500,1555.8600,187.2200,100.6500,10.8300,160.0600,75.5400,1054.0900,110.3100,42.6900,57.5900,177.1700,93.7800,35.0400,304.1800,219.0700,74.0000
03/27/18,168.3400,148.8600,1497.0500,183.1500,99.3600,10.8300,152.2200,74.1100,1006.9400,108.1700,42.8900,56.6900,172.5200,89.4700,35.0100,279.1800,217.9600,73.7000
03/28/18,166.4800,147.4100,1431.4200,183.6100,98.5400,10.8600,153.0300,74.7800,1005.1800,108.0000,43.3200,56.2500,170.3500,89.3900,35.3000,257.7800,218.5000,72.8100
03/29/18,167.7800,153.5000,1447.3400,188.4300,100.4400,11.0800,159.7900,75.3900,1037.1400,109.9700,43.4300,57.2800,175.1600,91.2700,35.4900,266.1300,214.0000,74.6100
04/02/18,166.6800,147.9800,1371.9900,182.7500,98.6600,10.8600,155.3900,73.1400,1012.6300,107.8500,42.6700,54.3400,171.6000,88.5200,35.0500,252.4800,217.2000,73.2200
04/03/18,168.3900,148.7900,1392.0500,182.6100,99.4200,11.1500,156.1100,73.7500,1018.6800,109.3300,43.3800,55.9700,172.4700,89.7100,35.6800,267.5300,224.5800,75.0200
04/04/18,171.6100,149.9700,1410.5700,185.5200,100.9500,11.3300,155.1000,75.4000,1029.7100,110.9900,44.2400,56.3600,173.6900,92.3300,36.1300,286.9400,228.7900,74.8700
04/05/18,172.8000,151.5700,1451.7500,186.2500,102.1100,11.3500,159.3400,74.8200,1032.6400,111.8800,44.4000,56.8600,175.8000,92.3800,35.7300,305.7200,229.0700,76.0200
04/06/18,168.3800,147.3800,1405.2300,183.9600,100.3500,11.1800,157.2000,73.4100,1009.9500,109.0900,43.9200,55.2900,169.7000,90.2300,35.1700,299.3000,223.9600,74.8700
04/09/18,170.0500,148.2500,1406.0800,184.4100,99.7000,11.2500,157.9300,73.8000,1020.0900,110.4000,43.8300,54.8500,170.3400,90.7700,35.4600,289.6600,222.7300,74.8700
04/10/18,173.2500,152.0500,1436.2200,183.5500,101.3700,11.4500,165.0400,75.0200,1036.5000,112.5100,43.9900,54.1300,174.7200,92.8800,35.9500,304.7000,226.7900,77.0700
04/11/18,172.4400,148.4000,1427.0500,184.6500,100.8000,11.4300,166.3200,74.3300,1025.0600,110.6200,43.9900,53.5000,172.3600,91.8600,35.7900,300.9300,221.9000,77.4300
04/12/18,174.1400,150.0900,1448.5000,188.8200,100.3900,11.3100,163.8700,75.2900,1037.2900,113.3700,44.0300,54.9400,174.8000,93.5800,36.3200,294.0800,224.2400,77.2200
04/13/18,174.7300,150.1300,1430.7900,188.9100,100.3500,11.2800,164.5200,75.2200,1036.0400,110.3000,44.5100,55.0700,174.2700,93.0800,36.3200,300.3400,224.2800,77.8400
04/16/18,175.8200,151.4200,1441.5000,194.5800,100.2400,11.3800,164.8300,74.6900,1046.1000,110.2100,44.6800,54.8900,173.8700,94.1700,36.5300,291.2100,230.3200,78.5400
04/17/18,178.2400,154.2400,1503.8300,196.0000,102.1700,11.3800,168.6600,75.4700,1079.3600,110.2100,44.8800,54.2700,178.3400,96.0700,36.3300,287.6900,238.5500,78.3300
04/18/18,177.8400,155.5200,1527.8400,196.5100,101.2100,11.3300,166.3600,75.6800,1075.3900,109.3200,44.5100,55.8200,179.4600,96.4400,36.4900,293.3500,236.4000,79.2200
04/19/18,172.8000,154.5900,1556.9100,195.0700,100.8900,10.9600,168.1000,74.4400,1089.4500,111.7200,44.3100,54.8000,179.0100,96.1100,36.5300,300.0800,235.7600,79.4200
04/20/18,165.7200,152.4100,1527.4900,193.5600,100.2400,10.8200,166.2800,73.7000,1077.3200,111.4700,43.7400,54.7700,177.0800,95.0000,36.6300,290.2400,235.0600,79.0000
04/23/18,165.2400,153.0400,1517.8600,193.3500,100.1500,11.0400,165.8400,74.0100,1073.8100,110.9300,43.9800,54.9800,175.4300,95.3500,36.8000,283.3700,234.3400,79.5700
04/24/18,162.9400,151.0700,1460.0900,192.5100,99.4600,10.9600,159.6900,72.7200,1022.6400,110.4100,43.0700,53.8800,173.2400,93.1200,37.0600,283.4600,234.2200,78.3500
04/25/18,163.6500,150.0900,1460.1700,193.9700,101.1500,11.1100,159.6900,73.2500,1022.9900,109.9900,42.4300,53.8300,172.4700,92.3100,36.6800,280.6900,234.9000,79.5000
04/26/18,164.2200,152.2900,1517.9600,195.2600,99.8400,11.4300,174.1600,73.9000,1043.3100,110.1000,42.7500,53.3000,178.1600,94.2600,36.8500,285.4800,237.0300,80.8600
04/27/18,162.3200,152.3900,1572.6200,196.5800,99.2300,11.4900,173.5900,73.8600,1031.4500,109.4000,43.3100,53.5300,175.9400,95.8200,37.0000,294.0800,240.1800,77.7900
04/30/18,165.2600,151.2000,1566.1300,197.1600,100.3300,11.2400,172.0000,72.2300,1018.5800,108.7800,43.2100,52.8300,178.2700,93.5200,36.6100,293.9000,236.4000,77.7500
05/01/18,169.1000,151.9200,1582.2600,196.5500,100.0600,11.2600,173.8600,72.5600,1040.7500,108.7800,42.5900,52.9400,180.2500,95.0000,35.4000,299.9200,236.8500,76.9500
05/02/18,176.5700,150.7100,1569.6800,194.0000,99.6200,11.2100,176.0700,66.8800,1026.0500,107.9200,42.0600,52.2100,185.8200,93.5100,34.8900,301.1500,233.4600,76.8000
05/03/18,176.8900,151.7300,1572.0800,193.0100,98.7600,11.2000,174.0200,65.1900,1026.3000,107.2400,41.8900,52.2400,186.4800,94.0700,34.7600,284.4500,234.1500,76.5400
05/04/18,183.8300,153.4400,1580.9500,195.1900,101.1500,11.3600,176.6100,65.4200,1051.0000,108.4300,42.3600,52.7800,188.1700,95.1600,34.8400,294.0900,235.9000,76.9000
05/07/18,185.1600,152.3000,1600.1400,193.0600,102.4800,11.3400,177.9700,64.8800,1059.4600,109.3700,42.1400,52.0000,189.1000,96.2200,34.9300,302.7700,233.7800,77.7400
05/08/18,186.0500,151.9400,1592.3900,194.4800,101.7900,11.2700,178.9200,65.2200,1058.5900,110.9900,41.8100,52.3300,190.5300,95.8100,34.9800,301.9700,232.0300,78.0900
05/09/18,187.3600,154.6200,1608.0000,196.0400,99.9700,11.0600,182.6600,65.6900,1088.9500,113.4100,41.7800,51.5600,190.6300,96.9400,35.1700,306.8500,229.2100,79.9300
05/10/18,190.0400,156.5400,1609.0800,195.4500,101.6800,11.2100,185.5300,65.3700,1105.4700,114.2900,42.1800,51.9400,193.0500,97.9100,35.0400,305.0200,233.7100,81.7200
05/11/18,188.5900,157.0800,1602.9100,195.7600,102.0700,11.1900,186.9900,66.1600,1103.3800,113.8600,42.1400,52.4600,193.3500,97.7000,35.5000,301.0600,238.2800,81.2800
05/14/18,188.1500,155.5700,1601.5400,195.8800,102.4400,11.1800,186.6400,67.0500,1106.6000,113.9000,42.0400,52.2000,192.1200,98.0300,35.8600,291.9700,242.9000,81.8300
05/15/18,186.4400,154.0700,1576.1200,195.4800,102.9200,11.2200,184.3200,66.9900,1084.8700,113.0300,41.7200,51.7000,192.0000,97.3200,35.6900,284.1800,239.5000,81.7900
05/16/18,188.1800,154.0800,1587.2800,198.7100,105.0400,11.4000,183.2000,67.5500,1084.0900,113.3400,41.5500,53.0100,192.3800,97.1500,35.6800,286.4800,241.7200,82.0200
05/17/18,186.9900,154.9300,1581.7600,199.6000,104.3400,11.4600,183.7600,67.6000,1081.2600,112.9600,42.3000,52.4700,191.2000,96.1800,35.7100,284.5400,242.9600,81.8800
05/18/18,186.3100,155.3100,1574.3700,198.9600,103.9300,11.3300,182.6800,68.0200,1069.6400,111.1300,42.1800,52.1900,190.4000,96.3600,35.6400,276.8200,244.6400,81.3000
05/21/18,187.6300,156.9400,1585.4600,199.6200,104.0600,11.5100,184.4900,67.6300,1084.0100,112.1500,42.4100,52.2200,191.2000,97.6000,35.8000,284.4900,247.9000,82.2800
05/22/18,187.1600,155.3300,1581.4000,198.9700,104.0700,11.5200,183.8000,67.8300,1075.3100,113.0100,42.2500,50.8500,191.6200,97.5000,35.7200,275.0100,245.1800,81.6400
05/23/18,188.3600,155.3100,1601.8600,198.1400,102.8900,11.4400,186.9000,68.1700,1085.9600,112.4900,42.4000,50.3200,192.9900,98.6600,35.9700,279.0700,244.2600,82.1500
05/24/18,188.1500,155.5900,1603.0700,198.8900,102.1100,11.6200,185.9300,67.5300,1085.4500,111.2300,42.3200,51.2100,191.9100,98.3100,35.8900,277.8500,242.7300,80.2700
05/25/18,188.5800,155.9900,1610.1500,198.3600,102.2000,11.5100,184.9200,67.3800,1084.0800,110.6600,42.4000,52.8600,191.1700,98.3600,35.6800,278.8500,244.9500,78.7100
05/29/18,187.9000,153.5400,1612.8700,196.7400,99.6900,11.4400,185.7400,67.3300,1068.0700,105.9300,42.6800,51.4900,189.5300,98.0100,35.7000,283.7600,242.1700,78.4200
05/30/18,187.5000,156.0300,1624.8900,199.6400,99.9800,11.5500,187.6700,67.6900,1077.4700,108.3500,43.1300,51.3300,191.7600,98.9500,36.0500,291.7200,244.9400,81.5000
05/31/18,186.8700,155.7400,1629.6200,198.2400,99.4700,11.5500,191.7800,67.4000,1100.0000,107.0100,43.0000,51.0800,190.1200,98.8400,35.9300,284.7300,241.5100,81.2400
06/01/18,190.2400,158.8900,1641.5400,197.1300,99.3600,11.7100,193.9900,68.3000,1135.0000,108.4000,43.1200,50.9600,195.3700,100.7900,36.2500,291.8200,243.3500,81.8300
06/04/18,191.8300,159.4300,1665.2700,198.6200,100.2400,11.7400,193.2800,70.2100,1153.0400,108.4500,43.4900,51.6500,197.7300,101.6700,36.4500,296.7400,244.6300,80.9700
06/05/18,193.3100,159.9200,1696.3500,197.8400,99.9400,11.8300,192.9400,70.0600,1151.0200,107.8400,43.1100,50.9000,199.3600,102.1900,36.4400,291.1300,244.4300,80.6800
06/06/18,193.9800,162.7100,1695.7500,197.6600,101.9100,11.9700,191.3400,71.9700,1146.9500,110.3600,43.4600,50.7500,203.2100,102.4900,36.3800,319.5000,248.6500,82.0600
06/07/18,193.4600,160.6100,1689.3000,202.5700,102.4700,12.0300,188.1800,71.9000,1134.4200,110.8000,43.4400,50.6400,199.5400,100.8800,36.4900,316.0900,248.9800,82.8800
06/08/18,191.7000,162.1700,1683.9900,203.7600,103.9800,12.1000,189.1000,71.9100,1132.7100,111.1100,43.9500,50.4800,200.0400,101.6300,36.6700,317.6600,250.6800,83.6000
06/11/18,191.2300,162.7500,1689.1200,204.5000,104.3500,12.0300,191.5400,71.8300,1140.9000,110.8300,44.1300,50.9800,198.4900,101.0500,36.3000,332.1000,253.7800,83.1000
06/12/18,192.2800,162.8400,1698.7500,204.8800,104.3300,12.1100,192.4000,71.6800,1148.1900,110.1900,44.4100,50.9700,200.1300,101.3100,36.3000,342.7700,253.5800,82.4200
06/13/18,190.7000,163.0200,1704.8600,204.1100,106.3100,12.0200,192.4100,71.2900,1144.2300,109.9700,44.1800,51.3500,199.4100,100.8500,36.2200,344.7800,252.8700,81.5100
06/14/18,190.8000,162.7600,1723.8600,205.1200,108.7500,11.8900,196.8100,71.1500,1160.1100,108.0300,43.5800,51.9400,199.3100,101.4200,36.1600,357.7200,255.3300,81.8900
06/15/18,188.8400,163.4800,1715.9700,207.3200,108.8500,11.8800,195.8500,70.2300,1159.2700,107.9000,44.1200,52.1800,199.5300,100.1300,36.3600,358.1700,255.9800,80.6600
06/18/18,188.7400,162.8800,1723.7900,206.2100,107.0600,11.9900,198.3100,69.0600,1183.5800,108.1800,43.5500,52.3700,201.1300,100.8600,36.1600,370.8300,254.8700,80.8200
06/19/18,185.6900,163.3100,1734.7800,207.5300,106.1000,11.8900,197.4900,70.9400,1178.6900,107.5500,43.6000,51.7100,199.6900,100.8600,36.2200,352.5500,253.0200,80.7000
06/20/18,186.5000,161.7700,1750.0800,207.9800,107.1500,11.8700,202.0000,71.4600,1184.0700,107.5400,43.2600,52.0000,201.5400,101.8700,36.4600,362.2200,252.8100,80.4500
06/21/18,185.4600,160.0300,1730.2200,209.9600,105.8900,11.7100,201.5000,71.5200,1169.4400,107.5100,43.0900,53.1500,200.7800,101.1400,36.3000,347.5100,251.8900,79.6900
06/22/18,184.9200,159.6300,1715.6700,211.1000,106.3400,11.6500,201.7400,71.0700,1169.2900,105.7500,43.2500,51.9100,201.4800,100.4100,36.5100,333.6300,254.3700,81.3800
06/25/18,182.1700,156.1600,1663.1500,211.7500,104.4500,11.5000,196.3500,71.1400,1139.2800,104.7900,43.5800,51.2800,194.9800,98.3900,36.3800,333.0100,250.7100,79.7400
06/26/18,184.4300,156.8600,1691.0900,210.0900,104.2600,11.5200,199.0000,70.2500,1132.6200,104.8600,43.3300,51.1700,196.4600,99.0800,36.3800,342.0000,249.7700,80.6400
06/27/18,184.1600,155.3400,1660.5100,210.0300,103.9600,11.4200,195.8400,68.6400,1116.9400,103.2400,43.0700,50.3700,193.1800,97.5400,36.2100,344.5000,248.1700,81.7100
06/28/18,185.5000,164.5000,1701.4500,208.7100,104.7700,11.2800,196.2300,70.3300,1126.7800,104.9300,43.4700,50.7000,197.1000,98.6300,36.3600,349.9300,244.9000,81.9700
06/29/18,185.1100,163.5900,1699.8000,208.9800,104.8100,11.0700,194.3200,70.8400,1129.1900,104.2000,43.8600,50.8800,196.5200,98.6100,36.2800,342.9500,245.3400,82.7300
07/02/18,187.1800,163.2300,1713.7800,207.9900,105.3300,11.1000,197.3600,71.2800,1142.1100,105.0800,43.7500,51.5400,197.6700,100.0100,36.3300,335.0700,247.4800,81.7600
07/03/18,183.9200,163.3400,1693.9600,207.1200,104.0400,10.9900,192.7300,71.3300,1116.2800,103.6100,43.9900,51.5200,196.2900,99.0500,36.3500,310.8600,246.9800,82.2400
07/05/18,185.4000,164.8000,1699.7300,209.1400,105.3400,11.0500,198.4500,72.8100,1141.2900,103.7200,44.6600,51.8600,198.8700,99.7600,36.8700,309.1600,250.5000,82.3100
07/06/18,187.9700,164.5100,1710.6300,209.6200,104.7800,11.0600,203.2300,75.2100,1155.0800,104.0600,44.6400,52.7400,199.5200,101.1600,37.1100,308.9000,250.7600,82.3300
07/09/18,190.5800,166.1300,1739.0200,210.9400,106.0200,11.2000,204.7400,76.6400,1167.2800,107.2800,44.4000,53.2600,200.9300,101.8500,37.1600,318.5100,253.6700,82.9000
07/10/18,190.3500,166.4600,1743.0700,211.7000,106.0300,11.2500,203.5400,76.7500,1167.1400,106.6200,44.9700,53.0000,201.5200,102.1200,37.4300,322.4700,255.5400,83.6600
07/11/18,187.8800,166.3100,1755.0000,210.9500,108.0400,11.0700,202.5400,76.0200,1171.4600,106.3900,44.7900,52.5300,203.8400,101.9800,37.2100,318.9600,254.5900,82.5900
07/12/18,191.0300,168.0300,1796.6200,214.0200,108.2500,11.0500,206.9200,77.6000,1201.2600,106.8500,44.6700,52.7700,207.7800,104.1900,37.5200,316.7100,256.0500,82.6900
07/13/18,191.3300,168.0900,1813.0300,216.5400,110.0000,10.9800,207.3200,77.3800,1204.4200,106.3600,44.7400,53.0900,205.9100,105.4300,37.5300,318.8700,258.7000,83.3100
07/16/18,190.9100,167.6400,1822.4900,214.8500,110.2000,10.8500,207.2300,77.2600,1196.5100,110.5800,44.7300,53.0800,204.0800,104.9100,37.3800,310.1000,256.9800,82.4900
07/17/18,191.4500,168.0700,1843.9300,215.0000,110.3000,10.8600,209.9900,77.2000,1213.0800,110.5000,45.2500,53.2200,206.3700,105.9500,37.6500,322.6900,250.2900,82.3100
07/18/18,190.4000,166.3800,1842.9200,214.9700,110.6900,10.8700,209.3600,77.1200,1212.9100,111.5300,45.1200,53.9000,208.3600,105.1200,37.6600,323.8500,255.4200,82.2200
07/19/18,191.8800,166.8900,1812.9700,217.5400,112.1300,10.8200,208.0900,77.0500,1199.1000,109.8900,45.1100,53.7800,206.0600,104.4000,37.3600,320.2300,252.9300,82.0100
07/20/18,191.4400,166.5200,1813.7000,218.6900,111.4800,10.5600,209.9400,77.3700,1197.8800,111.2800,45.2800,53.4300,206.7100,106.2700,37.3300,313.5800,252.7000,81.4000
07/23/18,191.6100,165.9600,1802.0000,218.8400,111.0900,10.4700,210.9100,77.3800,1211.0000,113.3500,44.9500,53.5600,207.8400,107.9700,37.2100,303.2000,252.7400,81.4000
07/24/18,193.0000,165.1700,1829.2400,218.5800,110.7000,10.5700,214.6700,77.6500,1258.1500,114.1500,45.2600,51.9100,209.5800,107.6600,37.7000,297.4300,253.7600,83.0100
07/25/18,194.8200,167.0800,1863.6100,220.7000,111.1800,10.5200,217.5000,78.9200,1275.9400,115.1800,46.0900,52.2900,214.1600,110.8300,37.9900,308.7400,254.8600,83.5900
07/26/18,194.2100,165.1700,1808.0000,221.7200,113.5100,9.8900,176.2600,78.1600,1285.5000,114.8500,46.2400,56.7000,207.3700,109.6200,38.1600,306.6500,257.0000,84.2400
07/27/18,190.9800,162.0200,1817.2700,219.6500,112.6200,9.9300,174.8900,76.8100,1252.8900,116.0300,46.2100,58.3800,202.9400,107.6800,38.4100,297.1800,255.9500,81.9200
07/30/18,189.9100,159.4200,1779.2200,219.1100,112.6300,10.0700,171.0600,76.3200,1230.0400,116.7300,46.2300,57.9000,197.8700,105.3700,38.5900,290.1700,253.8400,81.7400
07/31/18,190.2900,159.3300,1777.4400,218.7100,113.5600,10.0400,172.5800,77.8300,1227.2200,114.9500,46.6300,58.1600,198.0000,106.0800,39.9300,298.1400,253.2200,81.5100
08/01/18,201.5000,159.7100,1797.1700,217.1300,112.9700,9.9000,171.6500,77.9000,1232.9900,115.6600,46.3900,56.5200,201.2000,106.2800,40.2700,300.8400,253.3700,80.3900
08/02/18,207.3900,160.1500,1834.3300,221.1200,112.7500,9.9200,176.3700,77.6300,1241.1300,116.1500,46.1800,56.6900,202.0100,107.5700,39.6500,349.5400,256.0800,79.9100
08/03/18,207.9900,160.3700,1823.2900,222.0300,114.0900,10.0400,177.7800,77.9300,1238.1600,117.0900,46.6200,57.4100,201.2000,108.0400,40.5400,348.1700,257.2200,80.2000
08/06/18,209.0700,160.5800,1847.7500,222.7200,115.9400,10.0300,185.6900,77.8700,1237.6700,117.1200,46.6500,57.7900,201.5400,108.1300,41.0400,341.9900,256.7600,80.1800
08/07/18,207.1100,161.2000,1862.4800,223.8600,116.5600,10.0800,183.8100,78.3800,1255.8400,117.5500,46.5000,58.0900,202.6200,108.8800,40.8400,379.5700,257.6500,81.2700
08/08/18,207.2500,161.1400,1886.5200,224.5800,113.9800,10.0500,185.1800,76.9100,1261.3300,117.7900,46.1500,58.8200,202.8600,109.4900,41.4100,370.3400,258.8100,80.7300
08/09/18,208.8800,160.6400,1898.5200,218.2400,114.1600,9.9100,183.0900,78.0400,1264.4600,116.8800,46.3500,58.9900,203.6000,109.6700,41.0000,352.4500,261.5900,80.3200
08/10/18,207.5300,160.6800,1886.3000,220.3100,112.6800,9.7400,180.2600,76.7300,1252.5100,115.7300,46.0800,58.9900,202.6500,109.0000,40.9300,355.4900,260.3600,79.4200
08/13/18,208.8700,160.2300,1896.2000,219.5600,112.1200,9.4600,180.0500,77.1700,1248.6400,113.8900,45.8300,58.8400,202.3100,108.2100,40.8100,356.4100,260.9100,78.5600
08/14/18,209.7500,161.2400,1919.6500,222.0000,112.7500,9.5000,181.1100,77.3100,1258.1400,114.6500,45.8900,59.0900,203.8800,109.5600,40.7100,347.6400,263.4800,78.3100
08/15/18,210.2400,160.4100,1882.6200,221.6700,112.8500,9.4500,179.5300,74.8400,1232.2200,113.7000,46.0800,60.3300,200.2400,107.6600,41.1600,338.6900,260.6100,76.9400
08/16/18,213.3200,162.8900,1886.5200,223.1900,112.4800,9.5100,174.7000,75.5900,1224.0600,114.7700,46.2200,59.5200,203.6000,107.6400,41.4200,335.4500,263.1000,78.0000
08/17/18,217.5800,164.8900,1882.2200,225.6800,112.4800,9.5500,173.8000,72.9200,1215.8500,114.7700,46.6000,59.6800,203.2100,107.5800,42.0900,305.5000,262.3300,78.2600
08/20/18,215.4600,165.1200,1876.7100,227.3500,111.9900,9.7200,172.5000,72.3600,1221.9500,114.6200,46.7300,61.6300,204.7500,106.8700,42.3300,308.4400,262.4000,78.8100
08/21/18,215.0400,164.6100,1883.4200,228.5400,112.3900,9.8600,172.6200,73.3200,1217.4100,115.3200,46.2200,61.0000,203.0900,105.9800,42.1600,321.9000,261.6900,78.8300
08/22/18,215.0500,164.9200,1904.9000,229.2100,111.9400,9.6900,173.6400,73.8200,1221.7500,114.9700,45.9300,60.6100,204.3100,107.0600,42.0700,321.6400,260.7400,79.9600
08/23/18,215.4900,165.2000,1902.9000,229.5100,112.0000,9.6300,172.9000,73.3400,1221.1600,114.7300,45.7000,61.0100,205.2200,107.5600,42.2000,320.1000,261.4200,79.0800
08/24/18,216.1600,165.8800,1905.3900,231.2800,111.9300,9.6800,174.6450,73.5900,1236.7500,114.6800,45.6300,60.9900,209.4000,108.4000,42.4000,322.8200,264.2800,79.6200
08/27/18,217.9400,166.8700,1927.6800,230.0300,112.3300,9.9900,177.4600,74.8200,1256.2700,116.7100,45.6900,60.9100,211.5300,109.6000,41.5800,319.2700,267.0800,80.4000
08/28/18,219.7000,167.6700,1932.8200,230.2600,112.5800,10.0100,176.2600,74.9300,1245.8600,116.1400,45.3700,61.3300,212.6300,110.2600,41.5000,311.8600,268.5100,80.2800
08/29/18,222.9800,169.7700,1998.1000,230.1900,112.4500,9.9700,175.9000,75.6200,1264.6500,115.7600,45.3300,61.2200,214.5700,112.0200,41.5000,305.0100,269.0000,80.8600
08/30/18,225.0300,168.6300,2002.3800,230.8300,111.9200,9.7000,177.6400,76.2900,1254.4400,115.1900,44.9500,60.8200,213.8000,111.9500,41.5000,303.1500,268.3900,80.5100
08/31/18,227.6300,169.0700,2012.7100,233.1300,112.0200,9.4800,175.7300,75.7300,1231.8000,114.5800,44.5700,61.3000,215.5600,112.3300,41.5200,301.6600,268.4600,80.1700
09/04/18,228.3600,169.5000,2039.5100,234.6800,110.8500,9.4700,171.1600,74.2900,1211.3100,115.1500,44.7600,61.9900,216.8200,111.7100,41.3700,288.9500,268.5100,80.2900
09/05/18,226.8700,168.6400,1994.8200,235.6100,109.8700,9.4900,167.1800,74.5300,1199.1000,114.5900,45.3800,61.4000,211.1600,108.4900,41.8500,280.7400,267.6400,81.3600
09/06/18,223.1000,169.3600,1958.3100,236.6800,110.2600,9.4300,162.5300,72.8800,1183.9900,114.1000,45.7700,61.0300,212.7700,108.7400,41.7800,280.9500,269.6500,80.4600
09/07/18,221.3000,169.0700,1952.0700,241.4600,110.9700,9.2700,163.0400,72.2200,1177.5900,114.3200,45.7200,61.9000,211.0900,108.2100,42.2000,263.2400,268.2800,81.8300
09/10/18,218.3300,169.5500,1939.0100,243.1800,110.6800,9.3800,164.1800,72.5100,1175.0600,113.7100,46.0600,62.5100,211.6700,109.3800,42.0600,285.5000,259.7300,81.7100
09/11/18,223.8500,170.6900,1987.1500,244.2100,109.6000,9.3100,165.9400,72.2300,1189.9900,114.4300,46.0200,62.9800,213.4500,111.2400,42.3100,279.4400,261.0400,82.8600
09/12/18,221.0700,170.3500,1990.0000,242.4400,109.4600,9.3400,162.0000,73.9700,1171.6000,113.0800,46.2400,61.3700,214.0300,111.7100,42.4100,290.5400,262.6700,83.1300
09/13/18,226.4100,172.0700,1989.8700,241.2700,110.6700,9.3700,161.3600,74.1200,1182.1400,113.5200,45.8300,62.3600,217.2200,112.9100,42.8500,289.4600,265.4900,82.3200
09/14/18,223.8400,171.6400,1970.1900,235.3800,109.2600,9.4500,162.3200,73.3800,1177.9800,113.5000,45.9900,62.4300,217.9600,113.3700,42.9600,295.2000,265.3100,82.9200
09/17/18,217.8800,171.0400,1908.0300,232.0000,109.3600,9.5500,160.5800,72.7800,1159.8300,113.8400,46.3200,63.1000,216.4700,112.1400,43.0100,294.8400,263.8700,83.4100
09/18/18,218.2400,172.4100,1941.0500,234.3500,109.5300,9.5800,160.3000,73.6700,1167.1100,114.3000,45.9300,63.0500,220.0500,113.2100,43.5100,284.9600,263.2900,83.6300
09/19/18,218.3700,173.1400,1926.4200,233.8500,109.7900,9.7800,163.0600,73.8800,1174.2700,117.6200,45.9600,63.1100,218.1900,111.7000,43.2600,299.0200,265.3300,84.6300
09/20/18,220.0300,174.1300,1944.3000,233.9200,111.6200,9.8100,166.0200,74.8300,1191.5700,118.6300,46.6400,62.5000,221.3900,113.5700,43.7500,298.3300,266.3900,84.8200
09/21/18,217.6600,174.1900,1915.0100,234.7600,110.4000,9.8500,162.9300,75.5100,1172.1200,117.8500,46.5800,63.7700,221.9000,114.2600,44.0600,299.1000,266.6700,85.1700
09/24/18,220.7900,172.6300,1934.3600,233.3400,112.7700,9.5900,165.4100,75.6200,1179.5600,116.7200,46.0700,62.0600,221.3500,114.6700,43.9300,299.6800,267.3600,86.6000
09/25/18,222.1900,172.8200,1974.5500,232.9300,113.6300,9.3900,164.9100,74.9900,1193.8900,116.3900,45.6800,61.6500,222.1200,114.4500,43.7900,300.9900,263.5100,86.5000
09/26/18,220.4200,172.9700,1974.8500,233.8100,115.2100,9.2700,166.9500,75.6500,1194.0600,115.0200,45.8500,62.0900,222.2600,113.9800,43.6800,309.5800,262.9100,85.7800
09/27/18,224.9500,170.0500,2012.9800,234.0000,116.0400,9.2300,168.8400,76.5800,1207.3600,114.5200,46.0100,62.7100,222.3100,114.4100,43.9000,307.5200,264.6500,85.7700
09/28/18,225.7400,170.2000,2003.0000,234.8800,116.9400,9.2500,164.4600,77.2100,1207.0800,112.8400,46.1900,62.4500,222.6100,114.3700,44.0700,264.7700,266.0400,85.0200
10/01/18,227.2600,173.5100,2004.3600,234.6500,116.2400,9.3200,162.4400,77.9600,1208.5300,113.5000,46.2300,61.7000,223.7700,115.6100,44.2700,310.7000,269.1000,85.8100
10/02/18,229.2800,173.1500,1971.3100,236.3500,117.6600,9.2000,159.3300,78.6700,1207.6400,113.9700,46.5100,61.1800,222.3700,115.1500,44.2200,301.0200,270.6300,86.4600
10/03/18,232.0700,174.1400,1952.7600,233.2000,116.9100,9.1300,162.4300,79.0000,1211.5300,115.0400,45.8700,61.6800,223.1300,115.1700,44.8100,294.8000,270.9000,86.1500
10/04/18,227.9900,171.8600,1909.4200,231.6800,116.1300,9.1500,158.8500,76.5600,1177.0700,115.2700,45.8500,61.5800,216.1500,112.7900,44.7000,281.8300,268.3200,85.5800
10/05/18,224.2900,171.2300,1889.6500,218.8200,114.7800,9.1200,157.3300,76.2400,1167.8300,114.6200,45.8800,61.0500,213.2600,112.1300,44.9100,261.9500,269.2000,85.3400
10/08/18,223.7700,169.9000,1864.4200,223.9300,116.0200,9.2600,157.2500,76.4000,1155.9200,115.3200,46.4800,60.6200,208.2600,110.8500,45.2800,250.5600,269.0100,86.1300
10/09/18,226.8700,168.8000,1870.3200,224.1700,116.8900,8.9500,157.9000,76.5400,1145.1700,114.5200,46.3900,59.4900,209.7600,112.2600,45.4700,262.8000,270.1100,86.5100
10/10/18,216.3600,161.7400,1755.2500,221.0500,112.8600,8.8200,151.3800,74.7800,1092.1600,111.4700,45.6800,57.3300,196.6900,106.1600,44.5100,256.8800,263.0800,84.5200
10/11/18,214.4500,156.0000,1719.3600,221.8200,111.1500,8.8100,153.3500,72.5000,1090.7400,108.1300,44.6400,57.0300,194.5100,105.9100,42.8100,252.2300,257.1200,81.6000
10/12/18,222.1100,159.4400,1788.6100,226.9500,112.6100,8.6400,153.7400,73.5900,1120.5400,106.9500,44.6800,57.3800,204.2200,109.5700,43.7800,258.7800,259.6100,81.3800
10/15/18,217.3600,157.9200,1760.9500,224.5100,113.4400,8.8100,153.5200,72.7800,1102.4400,106.3400,44.9100,57.6800,200.3200,107.6000,43.1200,259.5900,260.2500,80.8200
10/16/18,222.1500,161.2000,1819.9600,227.6800,116.1900,8.8000,158.7800,76.3100,1133.0800,108.6200,45.4900,58.9400,207.7800,111.0000,43.9300,276.5900,272.5700,81.2000
10/17/18,221.1900,158.9000,1831.7300,228.4900,117.1300,8.7600,159.4200,75.6200,1127.5900,109.8300,45.8600,59.2000,207.3800,110.7100,44.5700,271.7800,267.3000,81.5000
10/18/18,216.0200,156.2000,1770.7200,228.5800,116.1800,8.5100,154.9200,74.1700,1097.9100,108.0900,45.6100,57.9600,203.6200,108.5000,44.0000,263.9100,266.8100,81.8500
10/19/18,219.3100,158.2800,1764.0300,229.6700,118.9000,8.5000,154.0500,73.2700,1105.1800,107.9100,46.3300,58.1300,203.0600,108.6600,44.5000,260.0000,265.3000,81.9700
10/22/18,220.6500,159.5500,1789.3000,229.0600,118.2700,8.4100,154.7800,72.3400,1111.3700,106.3600,45.9700,57.8700,204.5000,109.6300,44.3700,260.9500,262.1900,81.1500
10/23/18,222.7300,158.0900,1768.7000,228.7500,117.8500,8.5900,154.3900,71.6700,1114.9100,105.2500,46.3600,57.4800,202.4300,108.1000,44.1000,294.1400,264.8600,79.8400
10/24/18,215.0900,153.1200,1664.2000,223.7600,111.6100,8.1800,146.0400,68.0100,1057.1200,103.2900,46.7300,54.5900,195.6900,102.3200,42.4800,288.5000,256.3200,77.6200
10/25/18,219.8000,156.9200,1782.1700,226.4000,114.1600,8.9900,150.9500,68.6200,1103.5900,104.8600,46.5100,49.9100,204.2000,108.3000,43.4100,314.8600,264.2400,78.3100
10/26/18,216.3000,154.4500,1642.8100,218.1900,113.1900,8.9800,145.3700,69.7400,1083.7500,103.4200,45.9200,49.5800,197.4900,106.9600,42.6000,330.9000,258.1800,77.5300
10/29/18,212.2400,152.7400,1538.8800,222.4200,113.0400,9.2800,142.0900,70.9000,1034.7300,104.8500,46.4600,47.9100,191.0400,103.8500,43.2300,334.8500,256.5200,77.0500
10/30/18,213.3000,154.6200,1530.4200,227.9200,114.7600,9.4600,146.2200,72.0400,1049.5100,106.7000,47.6300,49.1500,187.7300,103.7300,42.8900,329.9000,258.2800,78.7800
10/31/18,218.8600,157.6200,1598.0100,228.6300,114.8300,9.5500,151.7900,68.1800,1090.5800,109.0200,47.8800,49.1000,197.6700,106.8100,43.0600,337.3200,261.3500,79.6800
11/01/18,222.2200,158.5800,1665.5300,229.6000,116.1000,9.2900,151.7500,70.3100,1085.9800,108.9800,47.7400,50.9500,199.7100,105.9200,43.6700,344.2800,260.9300,80.6700
11/02/18,207.4800,157.3900,1665.5300,230.1600,115.1800,9.3800,150.3500,69.4400,1071.4900,108.3800,48.0000,51.8200,197.7200,106.1600,42.9300,346.4100,261.0100,81.9500
11/05/18,201.5900,158.6000,1627.8000,234.4500,115.4500,9.5300,148.6800,69.5800,1055.7300,109.0900,48.6900,51.4200,197.9800,107.5100,43.5200,341.4000,261.0100,81.6400
11/06/18,203.7700,159.4200,1642.8100,236.7100,116.7100,9.5400,149.9400,70.3500,1069.5700,109.6000,49.1100,51.8600,199.1500,107.7200,43.0100,341.0600,263.5400,81.9900
11/07/18,209.9500,163.8700,1755.4900,240.3700,117.0500,9.6000,151.5300,72.4800,1108.2400,111.4800,49.3700,52.8800,208.2400,111.9600,44.4000,348.1600,274.6300,83.0300
11/08/18,208.4900,164.5000,1754.9100,238.7000,116.0000,9.4600,147.8700,71.8800,1094.6300,112.3800,49.3300,52.7200,208.8600,111.7500,43.8500,351.4000,276.6500,81.7100
11/09/18,204.4700,165.1500,1712.4300,237.7400,118.0000,9.3800,144.9600,71.1800,1077.0200,111.2900,49.6800,52.4900,205.6200,109.5700,44.2800,350.5100,276.5500,80.8700
11/12/18,194.1700,162.4400,1636.8500,234.4800,116.7000,9.4900,141.5500,70.4900,1049.3600,108.9500,49.8700,51.8900,199.1400,106.8700,44.1100,331.2800,272.3800,79.8300
11/13/18,192.2300,161.4500,1631.1700,234.1400,116.8500,9.5400,142.1600,70.9200,1047.9700,109.5900,49.8600,52.7300,198.1700,106.9400,43.5200,338.7300,269.2200,78.0000
11/14/18,186.8000,160.2900,1599.0100,233.3100,117.1200,9.5400,144.2200,70.5500,1054.5800,107.3300,49.7600,52.4800,197.5800,104.9700,42.9100,344.0000,264.9600,77.3900
11/15/18,191.4100,162.4900,1619.4400,229.9400,117.1100,9.3100,143.8500,69.7800,1071.0500,110.0700,49.7400,53.2300,200.7100,107.2800,43.2100,348.4400,264.9400,78.1900
11/16/18,193.5300,165.0000,1593.4100,231.0200,116.1900,9.0500,139.5300,69.2000,1068.2700,109.9900,50.1700,52.5800,199.0400,108.2900,43.5100,354.3100,271.1100,78.9600
11/19/18,185.8600,162.7700,1512.2900,228.7400,115.4200,9.2500,131.5500,68.0100,1027.4200,110.8300,50.5100,52.3900,189.2800,104.6200,44.1800,353.4700,266.0500,79.2200
11/20/18,176.9800,158.9000,1495.4600,219.3100,111.8700,9.0600,132.4300,67.5700,1030.4500,108.4500,49.3800,51.5700,187.0600,101.7100,43.5300,347.4900,261.5000,76.9700
11/21/18,176.7800,156.9800,1516.7300,218.5700,113.0300,9.1100,134.8200,66.7400,1043.4300,107.6400,48.7300,52.2500,187.6600,103.1100,43.1000,338.1900,260.5500,77.5600
11/23/18,172.2900,156.9300,1502.0600,220.0600,112.0800,9.1300,131.7300,66.5900,1030.1000,106.6500,49.0200,52.6800,182.6000,103.0700,43.1400,325.8300,261.6200,75.4900
11/26/18,174.6200,158.4000,1581.3300,219.4500,112.5500,9.4000,136.3800,66.9400,1055.9400,109.2600,48.8700,52.7600,191.8500,106.4700,43.3400,346.0000,266.1600,76.9800
11/27/18,174.2400,159.1100,1581.4200,223.0100,113.9000,9.2800,135.0000,67.4400,1052.2800,109.7200,49.3700,52.7900,192.9800,107.1400,44.0700,343.9200,271.1500,77.0500
11/28/18,180.9400,162.2100,1677.7500,230.3400,116.1000,9.4100,136.7600,69.1900,1091.7900,110.9400,49.7100,53.0800,202.2800,111.1200,44.9000,347.8700,280.9500,78.4500
11/29/18,179.5500,161.0700,1673.5700,231.0000,116.6100,9.3700,138.6800,69.6900,1094.5800,110.0600,48.9800,53.2300,196.6600,110.1900,45.5100,341.1700,282.5500,79.0600
11/30/18,178.5800,164.5200,1690.1700,231.2800,115.4900,9.4100,140.6100,71.9400,1109.6500,111.1900,50.4000,54.6100,201.0700,110.8900,46.2300,350.4800,281.3600,79.5000
12/03/18,184.8200,166.8200,1772.3600,232.0800,115.7400,9.6000,141.0900,70.8600,1116.3600,112.2400,49.6900,54.3700,209.8600,112.0900,45.9900,358.4900,286.3300,81.2200
12/04/18,176.6900,164.2100,1668.4000,226.3500,112.8700,9.1800,137.9300,69.5500,1062.4700,107.2300,49.5800,52.8000,200.4900,108.5200,45.1400,359.7000,278.5500,79.4300
12/06/18,174.7200,159.2500,1699.1900,233.2000,114.3300,9.0200,139.6300,70.1900,1078.0800,105.1900,49.3800,53.6000,202.9900,109.1900,44.9800,363.0600,276.8500,78.3900
12/07/18,168.4900,157.4500,1629.1300,224.8600,111.9800,8.8200,137.4200,68.1500,1046.5800,103.2900,49.0900,51.3600,196.5000,104.8200,43.9200,357.9700,269.1800,77.6400
12/10/18,169.6000,157.7200,1641.0300,222.6600,111.8600,8.5200,141.8500,67.4900,1053.1800,101.3600,49.2400,51.1400,198.0600,107.5900,44.4000,365.1500,266.5300,76.5400
12/11/18,168.6300,158.3000,1643.2400,226.5000,111.9700,8.5400,142.0800,67.7200,1061.6500,100.3700,49.5400,51.0800,197.7400,108.5900,44.0100,366.7600,267.2200,76.6800
12/12/18,169.1000,158.6200,1663.5400,227.8000,112.2100,8.6400,144.5000,68.1400,1073.7300,101.0200,49.2200,50.9000,200.2900,109.0800,44.1600,366.6000,270.6400,76.0200
12/13/18,170.9500,160.2500,1658.3800,226.5100,113.3900,8.5000,145.0100,67.3500,1073.5400,101.1200,49.4700,50.3400,198.9600,109.4500,44.5700,376.7900,272.1500,76.9800
12/14/18,165.4800,155.5300,1591.9100,207.0600,112.2000,8.5200,144.0600,65.5700,1051.7100,100.2900,49.3400,50.0900,195.3300,106.0300,43.8000,365.7100,265.0200,75.5800
12/17/18,163.9400,151.6700,1520.9100,202.2300,110.6200,8.5000,140.1900,65.1200,1025.6500,99.0100,48.3300,49.3900,190.4500,102.8900,43.1100,348.4200,258.0700,74.0400
12/18/18,166.0700,152.1400,1551.4800,202.9900,109.4500,8.4700,143.6600,64.8400,1043.4100,98.5400,48.3200,49.6000,191.6100,103.9700,42.4000,337.0300,252.9700,72.0000
12/19/18,160.8900,150.9600,1495.0800,201.4100,109.2200,8.3200,133.2400,64.2000,1035.4600,97.2900,47.9000,48.7800,187.1200,103.6900,41.9700,332.9700,250.3100,70.7800
12/20/18,156.8300,143.5000,1460.8300,197.1300,107.0000,8.2600,133.4000,64.3000,1023.5800,96.4500,47.5400,47.0700,182.7100,101.5100,41.9500,315.3800,242.4400,68.6300
12/21/18,150.7300,137.2000,1377.4500,194.5200,104.2200,8.0500,124.9500,62.6200,991.2500,94.1700,47.5700,45.9500,175.1900,98.2300,41.9300,319.7700,238.3400,68.1200
12/24/18,146.8300,133.6700,1343.9600,189.9900,100.3500,7.6300,124.0600,60.5400,984.6700,92.1400,45.9600,44.4000,174.6500,94.1300,40.5500,295.3900,232.9400,65.5100
12/26/18,157.1700,139.0100,1470.9000,198.6300,105.8300,7.8500,134.1800,63.2200,1047.8500,95.9600,46.9400,46.7200,186.4300,100.5600,42.1900,326.0900,243.3500,68.6400
12/27/18,156.1500,140.4100,1461.6400,201.0800,106.5200,7.8500,134.5200,62.9400,1052.9000,97.0400,47.5300,46.8000,188.6900,101.1800,42.8500,316.1300,245.9700,68.9400
12/28/18,156.2300,139.8200,1478.0200,202.0400,107.3000,7.8100,133.2000,61.8800,1046.6800,96.8300,47.2000,46.7600,186.1600,100.3900,42.9600,333.8700,246.2400,68.1700
12/31/18,157.7400,141.0100,1501.9700,203.7100,109.6500,7.6500,131.0900,62.5500,1044.9600,97.6200,47.3500,46.4800,188.6500,101.5700,43.6500,332.8000,249.1200,68.1900
01/02/19,157.9200,140.5900,1539.1300,204.7600,108.9700,7.9000,135.6800,63.4400,1054.6800,99.3100,46.9300,47.1400,189.7400,101.1200,43.2500,310.1200,243.4900,69.6900
01/03/19,142.1900,135.7900,1500.2800,200.4200,106.3300,7.7800,131.7400,65.2500,1025.4700,97.1100,46.6400,45.6100,181.1800,97.4000,42.0400,300.3600,236.8500,68.6200
01/04/19,148.2600,141.0700,1575.3900,206.2400,109.6100,8.0800,137.9500,68.2500,1078.0700,100.6900,47.5700,47.8600,189.7600,101.9300,43.0000,317.6900,239.6200,71.1500
01/07/19,147.9300,141.5600,1629.5100,207.0000,110.5600,8.2900,138.0500,68.5600,1075.9200,100.7600,46.9500,47.8700,191.2200,102.0600,43.2300,334.9600,240.0800,71.5200
01/08/19,150.7500,145.1400,1656.5800,208.5500,111.4200,8.3700,142.5300,68.0900,1085.3700,100.5700,47.4800,47.5400,192.2800,102.8000,43.4300,335.3500,243.2900,72.0400
01/09/19,153.3100,145.8700,1659.4200,209.9000,112.6700,8.7200,144.2300,67.9400,1081.6500,100.4000,46.5700,49.0800,195.7700,104.2700,43.3400,338.5300,243.6400,72.4200
01/10/19,153.8000,147.0200,1656.2200,210.6400,112.8000,8.6700,144.2000,68.0400,1078.8300,100.3900,47.0700,48.9900,196.9500,103.6000,42.3100,344.9700,244.8700,72.0500
01/11/19,152.2900,146.2300,1640.5600,210.5100,112.6500,8.8200,143.8000,68.1600,1064.4700,99.9100,47.3400,48.5200,195.9000,102.8000,42.8800,347.2600,247.6700,71.7200
01/14/19,150.0000,144.9300,1617.2100,209.0000,112.4200,8.9900,145.3900,67.2500,1051.5100,100.9400,47.1500,48.7600,195.4300,102.0500,42.3700,334.4000,248.0600,71.6300
01/15/19,153.0700,146.8900,1674.5600,211.0300,111.7600,8.8400,148.9500,68.5200,1086.5100,101.6800,47.5700,49.6100,196.5200,105.0100,42.7300,344.4300,256.8700,71.6700
01/16/19,154.9400,147.8800,1683.7800,210.1800,110.9100,8.2900,147.5400,67.6400,1089.5100,102.5000,46.9200,49.7800,197.7700,105.3800,42.1100,346.0500,261.4600,71.6400
01/17/19,155.8600,149.1200,1693.2200,211.4600,111.0100,8.3600,148.3000,68.6500,1099.1200,102.9200,47.0600,50.5900,199.3100,106.1200,42.4700,347.3100,259.7700,72.1300
01/18/19,156.8200,150.4500,1696.2000,213.5900,111.0400,8.5800,150.0400,69.1800,1107.3000,104.5900,47.6100,51.5700,202.0000,107.7100,42.5300,302.2600,265.5000,72.9900
01/22/19,153.3000,148.9700,1632.1700,212.4000,110.6000,8.5000,147.5700,68.5500,1078.6300,102.9400,47.7200,50.5400,199.4600,105.6800,42.2700,298.9200,265.6900,71.8900
01/23/19,153.9200,148.4200,1640.0200,212.0900,111.1200,8.3400,144.3000,68.2500,1084.4100,102.6800,48.2700,51.0200,198.3500,106.7100,42.1600,287.5900,267.0200,71.3000
01/24/19,152.7000,150.1500,1654.9300,210.3100,110.5500,8.6000,145.8300,67.8600,1084.0000,102.7400,47.6900,54.2100,199.7900,106.2000,40.9500,291.5100,266.1300,71.4000
01/25/19,157.7600,151.8500,1670.5700,209.0700,111.0900,8.8600,149.0100,68.9000,1101.5100,103.3900,47.3700,54.9800,202.9400,107.1700,40.6400,297.0400,268.0500,71.7200
01/28/19,156.3000,152.2400,1637.8900,210.7700,110.8100,8.6600,147.4700,67.9100,1079.8600,103.8800,47.1700,55.5200,200.1600,105.0800,39.5300,296.3800,266.7700,71.2400
01/29/19,154.6800,152.0200,1593.8800,210.3100,110.9000,8.7600,144.1900,69.5900,1070.0600,104.1700,47.4000,56.3700,199.2400,102.9400,40.7700,297.4600,267.3400,71.5100
01/30/19,165.2500,154.0900,1670.4300,211.3500,110.1300,8.7100,150.4200,69.8300,1097.9900,104.4100,47.8600,57.4900,204.0200,106.3800,41.5800,308.7700,270.3700,72.2900
01/31/19,166.4400,153.5500,1718.7300,214.6300,111.5200,8.8000,166.6900,70.0100,1125.8900,103.5000,48.1300,56.7600,211.1300,104.4300,42.4500,307.0200,270.2000,73.2800
02/01/19,166.5200,154.7400,1626.2300,210.2700,111.3000,8.7200,165.7100,70.0500,1118.6200,103.8800,48.7000,57.1300,213.7700,102.7800,42.8800,312.2100,268.7200,75.9200
02/04/19,171.2500,156.5500,1633.3100,211.1800,111.8000,8.7000,169.2500,70.0500,1141.4200,104.2500,49.2500,58.2900,214.9100,105.7400,42.4400,312.8900,268.2100,74.8200
02/05/19,174.1800,157.3200,1658.8100,211.6100,112.6600,8.7500,171.1600,67.6800,1151.8700,103.7900,49.2600,57.8800,215.8600,107.2200,42.1100,321.3500,266.3100,75.5900
02/06/19,174.2400,157.1600,1640.2600,211.6000,111.4100,8.7200,170.4900,68.7500,1122.8900,103.7400,49.2600,57.6100,215.3000,106.0300,42.3300,317.2200,269.5000,75.2600
02/07/19,170.9400,155.1800,1614.3700,209.0500,110.9500,8.3100,166.3800,67.2800,1105.9100,102.3800,49.4200,57.4800,213.9700,105.2700,41.7000,307.5100,269.0000,74.6800
02/08/19,170.4100,155.5900,1588.2200,207.7500,111.5100,8.3900,167.3300,67.4700,1102.3800,101.3600,49.5000,57.6500,216.5800,105.6700,42.2300,305.8000,261.9000,73.9800
02/11/19,169.4300,155.3200,1591.0000,208.7200,109.4400,8.3300,165.7900,67.6200,1102.1200,100.8800,49.6100,58.2800,217.1000,105.2500,41.6800,312.8400,257.1400,74.1000
02/12/19,170.8900,156.6300,1638.0100,211.9000,109.2000,8.4600,165.0400,65.4000,1127.5800,102.6000,49.6600,57.7000,218.9100,106.8900,41.8700,311.8100,263.5000,75.4000
02/13/19,170.1800,158.0300,1640.0000,212.8000,110.2000,8.4100,164.0700,65.9400,1128.6300,103.0900,49.7900,58.0000,220.5400,106.8100,41.7000,308.1700,263.8000,76.2500
02/14/19,170.8000,157.8500,1622.6500,213.8400,110.6600,8.4200,163.9500,66.3700,1129.2000,102.4200,45.5900,58.0000,219.8100,106.9000,41.9700,303.7700,265.3300,76.2700
02/15/19,170.4200,159.2300,1607.9500,216.4700,112.5900,8.5400,162.5000,67.5900,1119.6300,105.5500,45.2400,57.7000,222.1100,108.2200,42.4000,307.8800,271.1300,77.7100
02/19/19,170.9300,159.4800,1627.5800,218.1200,113.5100,8.8300,162.2900,66.7600,1126.5100,105.1800,44.8300,57.6700,220.5900,108.1700,42.6000,305.6400,270.4100,78.2300
02/20/19,172.0300,159.7100,1622.1000,217.1100,113.6800,8.9400,162.5600,66.9800,1120.5900,105.6900,45.1000,54.4100,221.1100,107.1500,42.2000,302.5600,269.5100,78.5300
02/21/19,171.0600,159.5300,1619.4400,215.2300,114.2900,8.7100,160.0400,65.5500,1104.2100,105.4700,45.8600,54.3100,219.3100,109.4100,42.1400,291.2300,266.4000,77.8200
02/22/19,172.9700,161.5000,1631.5600,216.2900,115.2500,8.7100,161.8900,65.7400,1116.5600,105.0000,45.2800,53.6200,223.3200,110.9700,42.9600,294.7100,267.1100,78.4200
02/25/19,174.2300,161.6700,1633.0000,217.0500,113.5900,8.7600,164.6200,65.3500,1117.3300,106.1000,44.9400,53.9600,223.3200,111.5900,43.0800,298.7700,264.6000,78.5000
02/26/19,174.3300,161.3400,1636.4000,217.6100,113.5000,8.8800,164.1300,65.2800,1122.0100,105.2900,44.6900,53.6900,224.0000,112.3600,43.0200,297.8600,262.9800,78.6600
02/27/19,174.8700,160.6300,1641.0900,218.0500,112.7800,8.7800,162.8100,65.5700,1122.8900,105.1600,44.9400,53.8500,224.5700,112.1700,42.9300,314.7400,250.0800,79.4700
02/28/19,173.1500,161.3800,1639.8300,218.7400,112.8400,8.7700,161.4500,65.0200,1126.5500,104.3600,45.3400,56.0400,224.7700,112.0300,43.3500,319.8800,242.2200,79.0300
03/01/19,174.9700,164.2000,1671.7300,219.4400,114.0100,8.7900,162.2800,66.0100,1148.5200,104.4300,45.3800,54.3400,227.2500,112.5300,43.3600,294.7900,246.1500,80.0000
03/04/19,175.8500,162.8200,1696.1700,218.4100,114.3300,8.8100,167.3700,65.4500,1153.4200,104.1900,45.6500,53.8300,226.2900,112.2600,43.0700,285.3600,236.0200,80.3100
03/05/19,175.5300,163.6700,1692.4300,219.8200,114.0000,8.7700,171.2600,64.3900,1169.1900,104.1100,45.6000,53.3900,226.2200,111.7000,42.8900,276.5400,241.4300,80.1900
03/06/19,174.5200,162.3900,1668.9500,219.2300,114.8500,8.5800,172.5100,62.9200,1164.9400,103.7200,45.4500,53.0600,224.4700,111.7500,41.8600,276.2400,239.0700,79.2800
03/07/19,172.5000,161.8500,1625.9500,216.7900,114.0100,8.4800,169.1300,62.5300,1150.8500,102.9700,45.2800,52.4300,222.4100,110.3900,41.3900,276.5900,236.7000,80.1600
03/08/19,172.9100,161.6900,1620.8000,227.8200,113.8100,8.4200,169.6000,63.2300,1149.9700,103.0100,44.8400,51.7700,221.8700,110.5100,40.8900,284.1400,237.2900,79.0100
03/11/19,178.9000,163.9400,1670.6200,229.6900,114.7500,8.6100,172.0700,64.3400,1179.2600,104.3500,46.1800,51.6100,225.6400,112.8300,41.5000,290.9200,243.1500,79.7800
03/12/19,180.9100,163.9900,1673.1000,232.9600,114.7300,8.5700,171.9200,64.8300,1197.2500,104.0400,46.0500,50.4000,226.9400,113.6200,41.7300,283.3600,245.8800,80.0000
03/13/19,181.7100,164.1100,1690.8100,236.3800,114.0900,8.5300,173.3700,65.7500,1199.0600,104.3900,46.2200,50.6100,228.5000,114.5000,42.0100,288.9600,252.2500,80.7100
03/14/19,183.7300,164.8200,1686.2200,233.8400,114.4800,8.4100,170.1700,64.7900,1192.5300,105.3400,45.7000,51.1600,229.5100,114.5900,41.1900,289.9600,253.2700,80.4400
03/15/19,186.1200,166.3900,1712.3600,233.6000,114.9600,8.4300,165.9800,65.6300,1190.3000,106.5500,45.3000,51.3700,231.1700,115.9100,41.7800,275.4300,251.4000,80.1500
03/18/19,188.0200,166.4300,1742.1500,236.5900,113.1200,8.5700,160.4700,65.0200,1188.5500,107.1900,45.4100,51.0800,230.3900,117.5700,41.8100,269.4900,255.0000,81.0800
03/19/19,186.5300,166.2000,1761.8500,237.0500,110.0000,8.7000,161.5700,65.4900,1202.4600,106.8000,45.5600,50.7400,231.0100,117.6500,42.3000,267.4700,257.1300,80.8700
03/20/19,188.1600,166.2700,1797.2700,236.9800,109.9900,8.5100,165.4400,64.6000,1226.4300,104.5200,45.5300,49.7000,229.8900,117.5200,42.1700,273.6000,250.5000,81.3200
03/21/19,195.0900,168.2400,1819.2600,239.5400,108.6600,8.6900,166.0800,64.9200,1236.1300,102.8700,45.5100,50.7400,235.8700,120.2200,42.3500,274.0200,252.0200,81.7900
03/22/19,191.0500,165.2400,1764.7700,237.5600,108.2300,8.5400,164.3400,63.7700,1207.6500,99.7600,45.9300,49.3200,230.7600,117.0500,41.8500,264.5300,247.0900,80.4800
03/25/19,188.7400,165.0800,1774.2600,236.9700,107.7900,8.5100,166.2900,63.7900,1197.3800,98.9300,46.0300,48.6900,230.4200,117.6600,41.8900,260.4200,246.8600,79.9200
03/26/19,186.7900,166.9400,1783.7600,239.0700,110.1400,8.7600,167.6800,64.2400,1189.8400,99.9200,46.6400,48.7500,233.2900,117.9100,42.4200,267.7700,243.3900,80.9600
03/27/19,188.4700,166.4700,1765.7000,239.4100,110.2800,8.6200,165.8700,63.6600,1178.0100,99.5800,46.6100,49.8300,232.5200,116.7700,42.0200,274.8300,241.7100,80.3400
03/28/19,188.7200,175.1200,1773.4200,241.2200,110.7100,8.7700,165.5500,63.6900,1172.2700,100.7100,46.5800,50.4500,234.8600,116.9300,42.2900,278.6200,242.2300,80.7400
03/29/19,189.9500,176.0200,1780.7500,242.1400,111.0300,8.7800,166.6900,65.0100,1176.8900,101.2300,46.8600,51.9100,235.4500,117.9400,42.4700,279.8600,247.2600,80.8000
04/01/19,191.2400,176.3200,1814.1900,244.1900,112.5100,8.9800,168.7000,65.8800,1198.9800,104.6400,46.7200,52.4100,239.0500,119.0200,42.8400,289.1800,245.5400,81.7300
04/02/19,194.0200,175.3700,1813.9800,240.5000,111.9600,9.0100,174.2000,66.2400,1205.5400,105.1400,46.5700,52.7100,239.2600,119.1900,42.9100,285.8800,244.4100,81.3800
04/03/19,195.3500,177.1900,1820.7000,242.4800,112.5200,9.1300,173.5400,66.6600,1210.8100,105.3500,46.1800,52.8900,238.9300,119.9700,42.8400,291.8100,245.8400,80.9000
04/04/19,195.6900,177.1600,1818.8600,244.4000,114.7500,9.2400,176.0200,66.8400,1219.4500,105.5600,46.4800,53.1800,236.0600,119.3600,42.7400,267.7800,247.3900,82.0500
04/05/19,197.0000,178.1500,1837.2800,245.8700,115.0000,9.2500,175.7200,67.5400,1211.4500,105.3100,46.4700,53.2500,236.6300,119.8900,42.9900,274.9600,248.7800,82.4900
04/08/19,200.1000,178.9100,1849.8600,246.5200,114.9600,9.3000,174.9300,67.3800,1208.2800,105.6500,46.5500,51.9400,236.2700,119.9300,43.1400,273.2000,248.7500,83.0000
04/09/19,199.5000,177.7300,1835.8400,244.9100,116.8600,9.2100,177.5800,66.0900,1202.6900,104.8700,46.6700,51.8900,235.9100,119.2800,42.8400,272.3100,248.7900,81.9300
04/10/19,200.6200,177.0000,1847.3300,245.6100,117.1600,9.3300,177.8200,67.4000,1206.4500,105.3400,46.6400,52.6200,237.0600,120.1900,42.7300,276.0600,246.0300,81.5600
04/11/19,198.9500,178.3600,1844.0700,241.2400,116.6000,9.3900,177.5100,66.3100,1209.5900,106.2300,46.7100,53.0000,236.0400,120.3300,42.2700,268.4200,235.4200,81.9500
04/12/19,198.8700,178.6400,1843.0600,241.9500,130.0600,9.4500,179.1000,65.2800,1222.7300,111.2100,46.7400,53.1300,238.8300,120.9500,41.7100,267.7000,223.2200,80.9200
04/15/19,199.2300,179.3000,1844.8700,246.3300,132.0400,9.3300,179.6500,65.4300,1226.5300,109.9400,47.0000,52.2900,239.1500,121.0500,42.0900,266.3800,230.2000,80.6500
04/16/19,199.2500,179.0600,1863.0400,245.3400,129.9000,9.3600,178.8700,64.5400,1231.9100,111.1000,46.9500,52.7800,240.0900,120.7700,40.9200,273.3600,220.9600,81.2000
04/17/19,203.1300,178.9500,1864.8200,245.5600,131.7500,9.5000,178.7800,63.2500,1240.1400,114.3000,47.2800,52.7600,241.0000,121.7700,39.8800,271.2300,216.8400,81.4300
04/18/19,203.8600,178.6100,1861.6900,245.8100,132.4500,9.5500,178.2800,62.9500,1241.4700,113.4600,47.4800,52.1800,240.8900,123.3700,39.3800,273.2600,221.7500,81.1300
04/22/19,204.5300,178.0700,1887.3100,243.4200,131.6800,9.5000,181.4400,61.8700,1253.7600,113.6000,47.4000,51.7100,243.0500,123.7600,38.9800,262.7500,227.1100,82.9000
04/23/19,207.4800,180.4800,1923.7700,245.5800,133.3600,9.5000,183.7800,63.0400,1270.5900,113.7400,48.2100,52.7900,243.4900,125.4400,39.4200,263.9000,230.5800,83.3800
04/24/19,207.1600,180.8100,1901.7500,247.9600,135.1000,9.5700,182.5800,62.8000,1260.0500,113.5500,47.9800,52.9300,245.2900,125.0100,39.3700,258.6600,230.3500,81.7600
04/25/19,205.2800,179.9500,1902.2500,245.6000,137.2400,9.4000,193.2600,64.1400,1267.3400,113.6100,47.8400,53.3500,245.6100,129.1500,39.6100,247.6300,230.7900,82.2200
04/26/19,204.3000,180.8300,1950.6300,243.8200,139.9200,10.4100,191.4900,65.1500,1277.4200,114.4700,48.2600,52.9800,246.6800,129.8900,39.9700,235.1400,237.0000,80.4900
04/29/19,204.6100,181.2100,1938.4300,244.2800,139.3000,10.3200,194.7800,64.9200,1296.2000,116.1200,48.4200,53.8300,247.1300,129.7700,39.5900,241.4700,237.4500,79.9700
04/30/19,200.6700,182.6700,1926.5200,245.5300,136.9700,10.4500,193.4000,65.0400,1198.9600,116.0500,49.0600,54.2300,254.2400,130.6000,40.6100,238.6900,233.0700,80.2800
05/01/19,210.5200,181.3100,1911.5200,241.5900,136.3800,10.3000,193.0300,64.8700,1173.3200,115.1600,48.5900,53.9000,248.7500,127.8800,40.7700,234.0100,231.9500,78.6700
05/02/19,209.1500,179.3900,1900.8200,242.6900,134.1400,10.3400,192.5300,65.3000,1166.5100,115.4100,48.3900,53.3700,247.1900,126.2100,41.0100,244.1000,232.4500,77.2900
05/03/19,211.7500,176.9800,1962.4600,244.6200,134.3300,10.4100,195.4700,67.1300,1189.5500,116.1200,48.7200,53.6200,247.9500,128.9000,41.3900,255.0300,231.9500,77.4700
05/06/19,208.4800,176.2600,1950.5500,244.2300,135.0000,10.3700,193.8800,67.6900,1193.4600,115.0900,48.4700,53.4800,248.6400,128.1500,41.6500,255.3400,240.5000,77.1300
05/07/19,202.8600,173.9400,1921.0000,240.1800,133.4400,10.3800,189.7700,66.4000,1178.8600,113.2100,48.0000,52.2100,245.0600,125.5200,40.8300,247.0600,238.0500,76.7200
05/08/19,202.9000,173.8200,1917.7700,241.3400,134.9900,10.3400,189.5400,66.0700,1170.7800,112.6100,47.8500,52.4100,245.3300,125.5100,40.9500,244.8400,239.1500,76.8400
05/09/19,200.7200,174.4600,1899.8700,243.4700,133.5900,10.2000,188.6500,66.1300,1167.9700,112.5200,47.4000,52.4600,245.3100,125.5000,40.6400,241.9800,237.9700,76.7700
05/10/19,197.1800,174.3000,1889.9800,247.0200,134.0400,10.3800,188.3400,65.5700,1167.6400,112.5100,48.1900,52.7400,247.4300,127.1300,40.7200,239.5200,240.5900,76.5600
05/13/19,185.7200,171.0200,1822.6800,241.9200,131.3400,10.0800,181.5400,64.1700,1136.5900,109.4500,48.0500,51.0400,241.3800,123.3500,40.5700,227.0100,239.5500,75.7100
05/14/19,188.6600,173.6100,1840.1200,242.7300,133.2000,10.2400,180.7300,65.0800,1124.8600,110.3200,48.6900,51.6500,245.9400,124.7300,40.6600,232.3100,236.4300,75.8100
05/15/19,190.9200,175.4000,1871.1500,244.6700,134.6800,10.3600,186.2700,65.3000,1170.8000,109.9000,49.1800,52.0100,249.1500,126.0200,41.1500,231.9500,236.0800,76.3700
05/16/19,190.0800,178.1700,1907.5700,247.4400,135.5000,10.4000,186.9900,65.7800,1184.5000,111.3100,49.5800,52.5900,253.4200,128.9300,41.6400,228.3300,236.7900,76.3600
05/17/19,189.0000,178.3300,1869.0000,248.3500,135.0400,10.2900,185.3000,66.3600,1168.7800,110.7700,49.2000,52.2400,252.5500,128.0700,41.4700,211.0300,241.3800,75.9100
05/20/19,183.0900,178.5400,1858.9700,248.9000,133.9100,10.2800,182.7200,65.8600,1144.6600,111.3500,48.8500,52.0100,253.4900,126.2200,41.5900,205.3600,245.9900,75.9000
05/21/19,186.6000,179.5700,1857.5200,249.9300,134.0900,10.2400,184.8200,66.5200,1154.4400,111.7300,48.6000,53.3700,255.3600,126.9000,41.6700,205.0800,249.9400,76.2500
05/22/19,182.7800,180.3900,1859.6800,249.5100,133.8500,9.9700,185.3200,66.5000,1155.8500,110.8200,49.6500,52.5700,256.9000,127.6700,41.9900,192.7300,249.3400,75.5600
05/23/19,179.6600,178.2700,1815.4800,248.5300,132.7300,9.8500,180.8700,67.1700,1145.3400,108.6400,49.8500,50.9600,249.7300,126.1800,41.9200,195.4900,246.5000,73.7900
05/24/19,178.9700,178.8100,1823.2800,247.3000,132.7900,9.8300,181.0600,66.8900,1138.6100,109.7100,49.6100,51.1500,251.4800,126.2400,41.9500,190.6300,247.6300,74.1000
05/28/19,178.2300,178.3900,1836.4300,246.3100,132.6200,9.7800,184.3100,63.9700,1139.5600,108.5200,49.1000,50.0300,253.4300,126.1600,41.9000,188.7000,242.0600,72.6100
05/29/19,177.3800,177.6100,1819.1900,240.6900,131.5700,9.7100,182.1900,63.3700,1119.9400,108.2200,48.6100,49.5600,253.5600,124.9400,41.7200,189.8600,242.4000,72.1600
05/30/19,178.3000,178.8200,1816.3200,241.5400,132.2000,9.7400,183.0100,63.3400,1121.4100,107.0600,49.2500,49.3900,254.1900,125.7300,41.9000,188.2200,243.5000,71.9700
05/31/19,175.0700,178.0700,1775.0700,239.5800,132.0400,9.5200,177.4700,62.2500,1106.5000,105.9600,49.1300,47.6000,251.4900,123.6800,41.5200,185.1600,241.8000,70.7700
06/03/19,173.3000,175.1600,1692.6900,241.0700,132.4700,9.6100,164.1500,63.6300,1038.7400,106.4600,49.9800,47.7900,242.2600,119.8400,41.9200,178.9700,236.5600,71.8800
06/04/19,179.6400,177.9700,1729.5600,245.6100,134.8200,9.9200,167.5000,64.3200,1054.4900,109.7400,50.0000,48.9500,249.1800,123.1600,42.2300,193.6000,240.7600,73.5900
06/05/19,182.5400,179.5600,1738.5000,247.9600,135.9400,9.7800,168.1700,64.4400,1044.6400,110.1300,50.7800,50.2200,256.2600,125.8300,42.4800,196.5900,242.7700,72.9800
06/06/19,185.2200,180.4000,1754.3600,251.2100,137.2100,9.7500,168.3300,63.7300,1047.7600,110.3700,51.4000,49.9800,257.8300,127.8200,42.7100,205.9500,241.8200,74.3100
06/07/19,190.1500,182.9200,1804.0300,256.0100,138.0400,9.7600,173.3500,65.3500,1068.3700,109.1600,51.4900,50.3700,265.8000,131.4000,42.9200,204.5000,246.7700,74.5800
06/10/19,192.5800,184.4400,1860.6300,256.8500,137.0700,9.8200,174.8200,66.1200,1082.7600,110.3400,51.3800,50.3000,266.1000,132.6000,43.0700,212.8800,248.1400,74.9100
06/11/19,194.8100,183.3700,1863.7000,257.1100,135.0800,9.9200,178.1000,66.1000,1081.0400,110.6800,51.3300,50.5800,263.6600,132.1000,42.6700,217.1000,245.8700,74.8400
06/12/19,194.1900,184.5900,1855.3200,257.2300,135.7200,9.8500,175.0400,66.7800,1079.1000,109.2700,51.6400,50.8100,263.8500,131.4900,43.0800,209.2600,244.5000,74.0300
06/13/19,194.1500,184.9500,1870.3000,259.7100,141.7400,10.0600,177.4700,66.9900,1091.0100,109.5400,51.1300,52.3800,261.2000,132.3200,42.5000,213.9100,244.9600,74.6800
06/14/19,192.7400,184.9700,1869.6700,260.1500,141.6500,9.9800,181.3300,66.3600,1086.3000,109.8200,51.3100,51.8200,260.1000,132.4500,42.7600,214.9200,245.3700,74.3500
06/17/19,193.8900,183.9000,1886.0300,261.4300,140.9700,10.0500,189.0100,67.1000,1093.8900,109.2200,50.8700,51.1800,259.2000,132.8500,42.8800,225.0300,245.9700,75.0900
06/18/19,198.4500,184.5000,1901.3700,262.7400,139.2400,10.1000,188.4700,68.2000,1105.2400,110.7100,50.6400,51.7000,258.8100,135.1600,43.0700,224.7400,245.7000,75.7400
06/19/19,197.8700,183.9500,1908.7900,263.6600,140.9200,10.0400,187.4800,68.2600,1104.5100,109.9100,51.1200,51.5100,259.8700,135.6900,43.5000,226.4300,250.1900,75.3200
06/20/19,199.4600,186.5200,1918.1900,267.3500,142.0200,10.0400,189.5300,68.5700,1113.2000,110.1900,51.6600,51.5200,266.7900,136.9500,43.6000,219.6200,247.7600,76.6100
06/21/19,198.7800,185.5600,1911.3000,266.1300,140.2300,9.9900,191.1400,69.3800,1125.3700,109.4400,51.5500,51.2500,264.4700,136.9700,43.6700,221.8600,252.2800,77.6900
06/24/19,198.5800,186.1100,1913.9000,266.7700,139.2200,9.9500,192.6000,68.8400,1116.7000,108.6600,51.9200,51.2200,265.3000,137.7800,43.7600,223.6400,249.6400,76.9500
06/25/19,195.5700,184.9000,1878.2700,266.3600,139.9400,9.8400,188.8400,68.4800,1087.5800,107.7600,51.7600,51.0000,259.7300,133.4300,43.7600,219.7600,247.6600,76.2700
06/26/19,199.8000,183.3100,1897.8300,264.4100,140.4000,9.9100,187.6600,66.6800,1080.3200,108.4800,51.1200,50.7000,261.3000,133.9300,42.9900,219.2700,243.4700,76.6000
06/27/19,199.7400,183.0000,1904.2800,265.5800,139.3000,10.2000,189.5000,67.0800,1076.6300,108.8400,51.0800,50.7400,261.1000,134.1500,43.4300,222.8400,246.3400,75.8200
06/28/19,197.9200,184.7700,1893.6300,264.2600,139.6400,10.2300,193.0000,67.5600,1082.8000,111.8000,50.9200,50.7800,264.5300,133.9600,43.3200,223.4600,244.0100,76.6300
07/01/19,201.5500,186.8700,1922.1900,263.5500,141.6500,10.1500,193.0000,67.8300,1100.0000,113.6800,51.6000,51.5400,266.7700,135.6800,43.7700,227.1700,242.6400,76.5600
07/02/19,202.7300,188.6000,1934.3100,265.4700,142.5300,10.1200,195.0000,68.8400,1112.6000,113.8000,51.9800,51.4300,270.5700,136.5800,44.2200,224.5500,243.9700,75.7200
07/03/19,204.4100,190.9700,1939.0000,269.1400,142.9800,10.2000,197.2000,69.0000,1122.9900,112.8200,52.1000,51.8900,273.0800,137.4600,44.4000,234.9000,245.2100,76.4400
07/05/19,204.2300,191.3900,1942.9100,268.2500,142.4500,10.2000,196.4000,68.5300,1132.6600,113.4900,52.1100,51.8800,272.1400,137.0600,43.9200,233.1000,246.9900,76.1300
07/08/19,200.0200,190.3100,1952.3200,269.4000,141.0200,10.2000,195.7600,67.4800,1116.7900,112.8700,52.0000,52.0800,271.2300,136.9600,43.3000,230.3400,247.8400,76.4800
07/09/19,201.2400,191.0900,1988.3000,269.9700,141.6100,10.1400,199.2100,67.7500,1124.2900,113.3500,51.5900,51.6900,273.3400,136.4600,43.3700,230.0600,246.0000,76.4300
07/10/19,203.2300,191.7100,2017.4100,271.4200,143.5400,10.1100,202.7300,67.4600,1140.9100,113.0200,51.8200,51.8600,275.3800,137.8500,44.0600,238.9200,247.4800,77.5100
07/11/19,201.7500,194.6700,2001.0700,276.5400,143.5600,10.1900,201.2300,66.1900,1144.0800,114.1000,52.0400,51.8400,278.3200,138.4000,42.9800,238.6000,261.1600,77.5700
07/12/19,203.3000,196.2100,2011.0000,279.4400,144.8800,10.4900,204.8700,66.2600,1145.3400,115.3000,52.1200,52.5100,279.5400,138.9000,42.4000,245.0800,265.9000,77.6300
07/15/19,205.2100,195.3200,2020.9900,280.5800,145.0600,10.4200,203.9100,68.0700,1150.5100,113.9000,52.1300,52.2600,279.3700,138.9000,42.7500,253.5000,265.9600,77.0800
07/16/19,204.5000,194.2500,2009.9000,280.6500,144.3000,10.5100,203.8400,66.9400,1153.4600,115.1200,52.1400,53.2800,276.6200,137.0800,42.8500,252.3800,264.6600,75.9300
07/17/19,203.3500,193.8100,1992.0300,281.5600,142.5700,10.3300,201.8000,66.9200,1146.7400,113.9900,52.1800,52.3000,275.2800,136.2700,42.7400,254.8600,266.6500,75.4800
07/18/19,205.6600,194.8200,1977.9000,282.9100,141.6300,10.2600,200.7800,67.2100,1147.2400,114.6700,52.0300,52.4400,276.7800,136.4200,43.0600,253.5400,260.6000,74.8400
07/19/19,202.5900,193.9300,1964.5200,281.5100,139.8500,10.2000,198.3600,65.0400,1131.5500,113.5400,51.3900,52.0200,275.6000,136.6200,42.7700,258.1800,256.6500,74.9900
07/22/19,207.2200,194.4400,1985.6300,280.1700,140.8400,10.0200,202.3200,64.9100,1139.2100,114.2700,51.2200,52.6800,278.6100,138.4300,42.8200,255.6800,255.3200,75.0700
07/23/19,208.8400,194.4600,1994.4900,280.1000,141.2600,10.1700,202.3600,66.4000,1148.0500,116.3600,54.3300,54.1200,278.9700,139.2900,43.0900,260.1700,255.0100,75.3700
07/24/19,208.6700,194.4700,2000.8100,280.8300,141.2900,10.3300,204.6600,66.6400,1139.7300,116.8300,53.7800,54.7200,280.2500,140.7200,42.8900,264.8800,251.1300,75.3600
07/25/19,207.0200,194.9700,1973.8200,279.8000,143.2100,9.5600,200.7100,66.3200,1135.9400,115.7100,53.0700,54.9100,279.3500,140.1900,42.6700,228.8200,248.7000,74.9300
07/26/19,207.7400,196.9300,1943.0500,281.3700,144.6500,9.5700,199.7500,66.9200,1245.2200,116.2200,54.1700,53.2500,282.0700,141.3400,43.0900,228.0400,252.9400,74.8100
07/29/19,209.6800,197.3500,1912.4500,280.1300,146.3900,9.6000,195.9400,67.8700,1241.8400,115.8500,53.9900,52.8800,281.4400,141.0300,41.4500,235.7700,253.8200,75.3400
07/30/19,208.7800,195.6500,1898.5300,279.5000,144.9300,9.5500,197.0400,67.0900,1228.0000,115.5900,53.7200,52.5500,278.1600,140.3500,38.7900,242.2600,254.9300,75.3500
07/31/19,213.0400,192.5800,1866.7800,275.6300,143.0100,9.5300,194.2300,65.5200,1218.2000,116.0000,52.6300,51.5300,272.2700,136.2700,38.8400,241.6100,249.0100,74.3600
08/01/19,208.4300,194.1600,1855.3200,274.5700,141.8500,9.3100,192.7300,65.4700,1211.7800,112.9400,52.0300,50.9600,274.1600,138.0600,38.2500,233.8500,249.2500,72.4600
08/02/19,204.0200,193.0100,1823.2400,272.5000,141.7100,9.2800,189.0200,64.9500,1196.3200,112.9300,52.3300,50.6200,269.4500,136.9000,38.0000,234.3400,250.0500,71.7500
08/05/19,193.3400,185.5500,1765.1300,265.1000,138.3000,9.2300,181.7300,63.3600,1154.7500,109.5700,51.6500,48.9600,256.8400,132.2100,36.9600,228.3200,245.0600,70.2800
08/06/19,197.0000,188.8100,1787.8300,269.3100,141.8700,9.4800,184.5100,63.9800,1171.0800,110.4300,52.2700,49.7100,264.6800,134.6900,36.9500,230.7500,248.2800,70.9600
08/07/19,199.0400,188.8700,1793.4000,274.3000,134.8600,9.5300,185.1500,63.8800,1175.9100,108.0300,53.1800,49.9300,269.3100,135.2800,36.5800,233.4200,246.4500,70.5000
08/08/19,203.4300,194.1800,1832.8900,274.8000,137.8900,9.5600,190.1600,64.8200,1206.1900,109.8600,53.6900,50.4900,278.0400,138.8900,36.8700,238.3000,247.6200,72.3800
08/09/19,200.9900,191.4800,1807.5800,273.9400,138.5200,9.4500,187.8500,65.2400,1188.9000,109.7400,53.4200,50.4500,274.9500,137.7100,36.3500,235.0100,248.6300,70.8400
08/12/19,200.4800,190.0000,1784.9200,271.3100,135.7500,9.2900,185.3700,63.9800,1174.5000,107.6800,53.2000,50.0500,270.0000,135.7900,35.3900,229.0100,243.2000,69.6300
08/13/19,208.9700,192.8800,1824.3400,276.2600,137.0100,9.2600,188.4500,64.3000,1196.7300,109.3400,53.5000,49.9200,274.5300,138.6000,35.2000,235.0000,249.2200,70.4900
08/14/19,202.7500,186.9700,1762.9600,268.1500,132.8500,9.0000,179.7100,63.1200,1164.2500,104.8000,52.9900,48.7600,267.1500,133.9800,34.2400,219.6200,243.2000,67.6500
08/15/19,201.7400,189.5600,1776.1200,271.5200,133.4100,8.8600,182.5900,62.8700,1169.3200,105.2000,53.8700,48.2100,271.8900,133.6800,34.4800,215.6400,244.2500,67.2500
08/16/19,206.5000,193.2200,1792.5700,274.1000,135.2000,8.9600,183.7000,63.1400,1179.2100,107.7200,54.4100,49.7900,274.3600,136.1300,34.6500,219.9400,245.6900,68.3000
08/19/19,210.3500,195.1800,1816.1200,275.6100,135.2900,9.0300,186.1700,64.1100,1200.4400,108.6900,54.6900,50.6400,278.0700,138.4100,35.1800,226.8300,244.7100,69.4500
08/20/19,210.3600,194.2000,1801.3800,272.9700,135.1300,8.9600,183.8100,63.4400,1183.5300,107.3100,53.8800,50.0200,277.0400,137.2600,34.6100,225.8600,240.1600,69.0300
08/21/19,212.6400,195.7300,1823.5400,275.6800,135.7600,9.0400,183.5500,64.1300,1191.5800,107.6100,54.1000,50.5900,282.0100,138.7900,34.8700,220.8300,240.3500,69.7200
08/22/19,212.4600,196.3400,1805.6000,279.9200,136.0800,9.0400,182.0400,64.2200,1191.5200,108.7200,54.4900,51.1900,280.7700,137.7800,35.0800,222.1500,232.9400,69.5700
08/23/19,202.6400,192.8100,1749.6200,274.0100,131.6700,8.7700,177.7500,62.5100,1153.5800,106.0200,53.7400,50.5600,271.8900,133.3900,34.3400,211.4000,230.6600,67.4900
08/26/19,206.4900,195.4700,1768.8700,278.4600,134.6100,8.8200,180.3600,63.0000,1171.1800,106.8700,54.5400,50.6900,276.4300,135.4500,34.8400,215.0000,231.0800,67.8500
08/27/19,204.1600,197.1600,1761.8300,292.3800,134.4900,8.7600,181.3000,63.3100,1170.8200,105.7400,54.7200,50.4900,276.6400,135.7400,34.3400,214.0800,222.9300,67.1900
08/28/19,205.5300,196.8400,1764.2500,294.4900,136.5500,9.0000,181.7600,63.6400,1173.7500,106.8000,55.1100,51.1600,278.2400,135.5600,35.0800,215.5900,227.3500,67.6800
08/29/19,209.0100,198.7400,1786.4000,296.5700,137.8400,9.1200,185.5700,63.7500,1194.2400,109.2200,55.0500,52.3000,281.3800,138.1200,35.3300,221.7100,230.6200,68.4300
08/30/19,208.7400,198.1700,1776.2900,294.7600,137.2600,9.1700,185.6700,63.5400,1190.5300,109.8600,55.0400,52.3200,281.3700,137.8600,35.5500,225.6100,234.0000,68.4800
09/03/19,205.7000,195.7500,1789.8400,292.0500,136.3100,9.1000,182.3900,62.9700,1169.5500,108.5600,55.3000,51.3800,280.1100,136.0400,36.1200,225.0100,230.6200,68.5600
09/04/19,209.1900,197.7100,1800.6200,296.1200,137.8900,9.2000,187.1400,63.2700,1182.2700,109.8700,55.7700,52.1000,286.1000,137.6300,35.8300,220.6800,226.7300,69.2900
09/05/19,213.2800,199.4900,1840.7200,296.9700,138.8400,9.3400,190.9000,64.0600,1212.1900,112.3700,55.1200,52.5200,292.0800,140.0500,36.3400,229.5800,229.5900,70.2700
09/06/19,213.2600,201.1200,1833.5100,303.7600,139.5500,9.3400,187.4900,64.8200,1206.3200,112.6100,55.2300,52.1400,291.3800,139.1000,36.5000,227.4500,229.0000,70.9300
09/09/19,214.1700,194.8300,1831.3500,299.0000,138.8300,9.5400,188.7600,66.3300,1205.2700,115.4000,54.5200,53.0800,283.3600,137.5200,36.8300,231.7900,230.6800,71.4900
09/10/19,216.7000,189.6600,1820.5500,297.0000,135.7900,9.4200,186.1700,67.0800,1205.7000,116.8700,54.4000,53.3800,272.3300,136.0800,37.3800,235.5400,232.4600,72.0700
09/11/19,223.5900,191.3700,1822.9900,290.6900,136.1900,9.4200,188.4900,68.0800,1220.0000,117.1900,54.7700,54.7100,269.9500,136.1200,37.4100,247.1000,234.2100,71.9300
09/12/19,223.0900,195.5200,1843.5500,289.8900,137.5000,9.4100,187.4700,66.3600,1234.9700,117.9100,55.1100,54.9800,276.4000,137.5200,37.2800,245.8700,230.1000,71.9800
09/13/19,218.7500,194.6200,1839.3400,291.9000,138.0200,9.4500,187.1900,66.5200,1240.0300,120.2300,54.2600,55.7900,276.3200,137.3200,36.9100,245.2000,233.6100,72.6400
09/16/19,219.9000,194.1600,1807.8400,288.6900,135.8000,9.3000,186.2200,65.8800,1231.6300,119.1600,53.9600,55.8100,274.0800,136.3300,36.8300,242.8100,234.4300,73.7300
09/17/19,220.7000,194.9500,1822.5500,291.4100,136.3100,9.2800,188.0800,66.1700,1229.8800,118.5700,54.2400,55.7300,276.2500,137.3900,36.5000,244.7900,232.5200,73.1700
09/18/19,222.7700,194.1300,1817.4600,292.4300,136.8000,9.2500,188.1400,65.7200,1232.6500,119.7600,54.2300,56.2300,275.1000,138.5200,36.3800,243.4900,230.6100,72.8200
09/19/19,220.9600,194.6700,1821.5000,287.8300,133.3000,9.1000,190.1400,65.9600,1238.7500,119.3800,54.5200,55.0800,275.9100,141.0700,36.5100,246.6000,232.8500,72.3300
09/20/19,217.7300,193.0900,1794.1600,286.3600,132.2700,9.1700,189.9300,66.4200,1229.8400,118.9000,53.9100,54.4900,271.1700,139.4400,36.6900,240.6200,232.8900,72.0800
09/23/19,218.7200,192.8400,1785.3000,287.5700,132.4600,9.1600,186.8200,65.7300,1234.6900,118.8800,54.1400,54.4800,273.1500,139.1400,36.2400,241.2300,228.7700,72.1300
09/24/19,217.6800,190.1400,1741.6100,287.9100,131.9700,9.1100,181.2800,64.5600,1218.3300,117.3300,54.3000,54.7300,271.1200,137.3800,36.0100,223.2100,225.0000,71.1400
09/25/19,221.0300,190.8700,1768.3300,288.5100,133.0900,9.2000,182.8000,64.2000,1245.9400,118.0000,54.1700,54.8200,272.7500,139.3600,35.9000,228.7000,222.1700,71.3500
09/26/19,219.8900,192.1200,1739.8400,288.2600,131.2700,9.1400,180.1100,63.3000,1242.2900,117.0300,54.3900,54.5800,273.8900,139.5400,35.7800,242.5600,215.4800,70.9700
09/27/19,218.8200,191.3800,1725.4500,285.9500,129.9600,9.0800,177.1000,62.9000,1225.9500,117.7200,54.3100,54.3400,269.1300,137.7300,36.2200,242.1300,215.2600,71.4800
09/30/19,223.9700,192.3500,1735.9100,288.1100,130.3200,9.1600,178.0800,63.3800,1221.1400,117.6900,54.4400,54.0100,271.5700,139.0300,35.9300,240.8700,217.3200,70.6100
10/01/19,224.5900,189.6200,1735.6500,283.9300,129.5500,8.9000,175.8100,63.2200,1206.0000,115.5500,54.6500,53.3700,270.9400,137.0700,35.4300,244.6900,217.2100,68.9500
10/02/19,218.9600,184.8500,1713.2300,285.1100,129.1400,8.6100,174.6000,61.6200,1177.9200,113.2500,53.0800,52.0400,264.4800,134.6500,34.7000,243.1300,216.7500,67.1500
10/03/19,220.8200,185.8100,1724.4200,289.0000,128.1500,8.7100,179.3800,62.2300,1189.4300,112.1900,53.8400,52.2600,268.2900,136.2800,35.4500,233.0300,215.3600,67.9800
10/04/19,227.0100,189.6400,1739.6500,291.6700,130.2700,8.7400,180.4500,62.5600,1210.9600,114.6200,54.5400,52.7900,274.0600,138.1200,35.9300,231.4300,219.8000,68.9700
10/07/19,227.0600,186.8100,1732.6600,293.4100,130.9000,8.6800,179.6800,62.7300,1208.2500,114.3700,53.8700,53.0400,272.1900,137.1200,35.8300,237.7200,221.2400,68.0200
10/08/19,224.4000,182.2000,1705.5100,291.8900,128.4700,8.5400,177.7500,61.6900,1190.1300,111.8200,53.5800,53.0300,267.0700,135.6700,35.4300,240.0500,220.1100,66.7000
10/09/19,227.0300,184.3400,1721.9900,296.9000,129.3300,8.5600,179.8500,61.9800,1202.4000,112.6300,53.8300,53.4900,272.2400,138.2400,35.6900,244.5300,222.0800,67.4400
10/10/19,230.0900,183.8300,1720.2600,297.1400,129.3400,8.6200,180.0300,63.2600,1209.4700,114.2100,53.6600,53.6700,273.8300,139.1000,35.7900,244.7400,223.7300,68.2500
10/11/19,236.2100,184.9700,1731.9200,297.6000,130.0200,8.7800,184.1900,63.9900,1215.7100,116.1400,53.3000,53.9200,275.9100,139.6800,36.1100,247.8900,222.0700,68.9800
10/14/19,235.8700,185.5000,1736.4300,297.5200,129.7000,8.8200,183.2800,64.5100,1217.7700,116.4500,53.3000,54.0300,276.3800,139.5500,36.3000,256.9600,220.5900,69.1800
10/15/19,235.3200,187.0000,1767.3800,298.3900,129.7600,9.0700,188.8900,65.3000,1242.2400,119.9600,53.5100,54.1600,278.5600,141.5700,36.5000,257.8900,238.5900,69.4200
10/16/19,234.3700,186.5700,1777.4300,298.7800,130.8600,9.0700,189.5500,65.3500,1243.0000,119.6800,53.4900,53.6700,278.2700,140.4100,36.3400,259.7500,236.9900,68.2300
10/17/19,235.2800,186.0400,1787.4800,302.4000,132.3700,9.1100,190.3900,65.2300,1252.8000,120.3500,53.7900,53.8600,276.5100,139.6900,36.4600,261.9700,243.6700,68.1400
10/18/19,236.4100,187.0800,1757.5100,302.8600,130.8900,9.2900,185.8500,64.9100,1244.4100,120.5600,54.7800,53.4800,270.6300,137.4100,36.4600,256.9500,245.3400,67.6100
10/21/19,240.5100,187.3400,1785.6600,301.0800,130.2600,9.0300,189.7600,65.2100,1244.2800,123.5500,54.2300,53.2300,274.3000,138.4300,36.4600,253.5000,243.9200,68.7400
10/22/19,239.9600,182.7200,1765.7300,299.9700,132.4000,9.0700,182.3400,65.8600,1241.2000,124.7900,53.8500,52.9200,261.2600,136.3700,36.4300,255.5800,249.4800,69.0900
10/23/19,243.1800,184.0700,1762.1700,297.3200,131.1300,9.2100,186.1500,66.5800,1257.6300,125.1200,54.6400,53.2400,260.8500,137.2400,36.7700,254.6800,247.8000,69.7500
10/24/19,243.5800,185.0000,1780.7800,297.0500,130.2600,8.6000,186.3800,66.0000,1259.1100,125.0300,54.6100,56.2900,268.7500,139.9400,36.3900,299.6800,244.5100,69.0900
10/25/19,246.5800,183.0700,1761.3300,296.5000,130.9000,8.7200,187.8900,63.3200,1264.3000,126.0300,53.7500,56.7400,270.1900,140.7300,36.7700,328.1300,244.9100,69.2500
10/28/19,249.0500,182.8700,1777.0800,298.9400,130.5300,8.6100,189.4000,63.7300,1288.9800,126.5100,53.5700,57.6400,275.9300,144.1900,37.2800,327.7100,247.0500,68.6400
10/29/19,243.2900,184.8000,1762.7100,295.8600,129.4800,8.6400,189.3100,63.4500,1260.6600,126.4300,53.4100,57.2100,274.2900,142.8300,38.2100,316.2200,252.2900,68.4400
10/30/19,243.2600,186.5800,1779.9900,299.8400,129.6000,8.5400,188.2500,63.1500,1260.7000,125.7300,53.9400,57.0400,277.1500,144.6100,38.4800,315.0100,254.8000,67.7200
10/31/19,248.7600,185.4200,1776.6600,297.1100,129.9200,8.5900,191.6500,63.7100,1258.8000,124.9200,54.4300,56.1300,276.8100,143.3700,38.3700,314.9200,252.7000,67.5700
11/01/19,255.8200,188.2200,1791.4400,296.0900,132.7500,8.8900,193.6200,64.6600,1272.2500,127.8000,53.9000,56.2600,279.0500,143.7200,38.3900,313.3100,252.2100,69.6000
11/04/19,257.5000,187.8000,1804.6600,296.8200,132.9200,9.0000,194.7200,65.2100,1289.6100,128.8200,53.1400,56.9800,276.3300,144.5500,38.0300,317.4700,251.2500,71.6700
11/05/19,257.1300,186.8800,1801.7100,299.1800,131.4500,9.0200,194.3200,65.3900,1291.4400,129.1000,52.4200,57.8800,269.0000,144.4600,37.4800,317.2200,250.3000,73.0900
11/06/19,257.2400,189.2300,1795.7700,301.5700,131.2700,8.9200,191.5500,65.4100,1291.0100,129.3000,52.8000,57.8600,269.8600,144.0600,37.6100,326.5800,250.5200,71.4900
11/07/19,259.4300,189.0900,1788.2000,305.2100,132.9600,8.8900,190.4200,63.9600,1306.9400,130.0000,52.2900,58.2400,272.7900,144.2600,36.9100,335.5400,256.4600,73.0100
11/08/19,260.1400,189.7000,1785.8800,302.6200,137.9600,9.0400,190.8400,65.3800,1309.0000,130.3800,52.2100,58.1800,274.8900,145.9600,37.0500,337.1400,256.9700,70.7700
11/11/19,262.2000,190.0600,1771.6500,300.8400,136.7400,9.0800,189.6100,64.6400,1298.2800,129.9200,51.8400,58.2600,277.0000,146.1100,36.9300,345.0900,254.0900,70.3400
11/12/19,261.9600,191.4300,1778.0000,300.5000,138.5800,9.0400,194.4700,64.3200,1297.2100,129.1600,51.7100,57.8500,277.1400,147.0700,36.9700,349.9300,255.2500,69.3700
11/13/19,264.4700,194.5000,1753.1100,302.9000,148.7200,8.8100,193.1900,63.3300,1296.1800,128.4800,52.4100,57.5900,278.0700,147.3100,36.6000,346.1100,253.5700,68.8000
11/14/19,262.6400,196.2500,1754.6000,304.5900,147.1500,8.7900,193.1500,63.8100,1309.1500,128.6000,52.6300,57.6300,279.6300,148.0600,36.5500,349.3500,255.8300,68.5000
11/15/19,265.7600,196.8100,1739.4900,303.6600,144.6700,8.9500,195.1000,65.0700,1333.5400,129.5300,52.6700,57.7900,280.7800,149.9700,37.2800,352.1700,269.4000,69.1900
11/18/19,267.1000,198.0200,1752.5300,304.5400,147.6500,8.9500,197.4000,64.2900,1319.8400,130.6200,53.0300,57.7800,280.8600,150.3400,37.2200,349.9900,272.9300,68.5200
11/19/19,266.2900,198.3400,1752.7900,302.2400,148.3800,8.9000,199.3200,65.0000,1312.5900,130.5800,53.0800,57.5500,285.3100,150.3900,37.6600,359.5200,274.2300,67.8200
11/20/19,263.1900,197.7100,1745.5300,300.5700,146.9300,8.7300,197.5100,64.8800,1301.8600,129.6300,53.2200,56.8300,285.3800,149.6200,37.0500,352.2200,275.5600,68.0300
11/21/19,262.0100,196.7800,1734.7100,300.2700,146.9000,8.7100,197.9300,65.7300,1300.1400,129.9300,52.9600,56.5900,284.4500,149.4800,37.7400,354.8300,276.5500,69.6700
11/22/19,261.7800,196.6600,1745.7200,299.3100,148.2900,8.8900,198.8200,65.2600,1293.6700,130.7900,53.0300,57.0100,282.5700,149.5900,38.3300,333.0400,276.8400,69.3700
11/25/19,266.3700,198.3600,1773.8400,299.0500,149.6900,9.0000,199.7900,67.2200,1305.6400,131.4900,53.2200,57.5600,287.6100,151.2300,38.6800,336.3400,282.6700,68.9100
11/26/19,264.2900,200.9200,1796.9400,301.2400,151.6400,9.0100,198.9700,67.2800,1313.0000,131.6700,53.9000,57.5900,289.3800,152.0300,38.2900,328.9200,281.4000,68.7400
11/27/19,267.8400,201.2500,1818.5100,300.7600,151.4800,9.1000,202.0000,67.1200,1312.1300,132.0600,53.9500,57.7500,291.7000,152.3200,38.6300,331.2900,280.6700,68.7000
11/29/19,267.2500,201.1600,1800.8000,299.8100,151.5800,9.0600,201.6400,67.2400,1304.0900,131.7600,53.4000,57.6400,292.2300,151.3800,38.5200,329.9400,279.8700,68.1300
12/02/19,264.1600,199.5900,1781.6000,297.3900,150.6200,9.0100,199.7000,66.1200,1288.8600,131.4700,53.7500,56.7200,286.4700,149.5500,38.2900,334.8700,279.6600,68.4200
12/03/19,259.4500,198.7500,1769.9600,295.6700,148.5800,8.8900,198.8200,66.0700,1294.7400,129.7800,53.8000,55.9300,287.0900,149.3100,38.0500,336.2000,276.9000,67.8800
12/04/19,261.7400,199.5800,1760.6900,296.5200,148.2800,8.9500,198.7100,66.7500,1318.9400,132.3400,54.2900,55.7800,286.8400,149.8500,38.1400,333.0300,279.3200,68.6500
12/05/19,265.5800,199.8500,1740.4800,293.1000,147.4400,8.9300,199.3600,65.9300,1326.9600,133.0600,54.1900,55.5300,289.8500,149.9300,38.0300,330.3700,282.0000,68.4100
12/06/19,270.7100,202.5500,1751.6000,294.9500,147.6600,9.0200,201.0500,67.0800,1339.3900,135.0400,54.4200,55.9400,290.4000,151.7500,38.2900,335.8900,280.1900,69.5100
12/09/19,266.9200,202.0300,1749.5100,295.1600,146.2100,9.0100,201.3400,66.9300,1342.9900,134.4100,54.0700,55.4700,289.0600,151.3600,38.3200,339.5300,277.5400,69.6600
12/10/19,268.4800,201.8800,1739.2100,295.7800,146.1000,9.0700,200.8700,67.0800,1342.8900,134.5000,53.7700,54.9100,288.6100,151.1300,38.4800,348.8400,279.5200,69.0600
12/11/19,270.7700,202.3000,1748.7200,295.3000,147.5900,9.1100,202.2600,67.7800,1344.2500,134.1800,53.9500,54.0000,290.0500,151.7000,38.2200,352.7000,280.5000,68.9600
12/12/19,271.4600,203.9200,1760.3300,297.3400,147.7600,9.3200,196.7500,67.6300,1348.4900,138.0200,54.1400,54.4900,292.2100,153.2400,38.5400,359.6800,283.6100,70.3400
12/13/19,275.1500,206.6600,1760.9400,291.8700,146.3800,9.2300,194.1100,65.7700,1346.8700,136.8100,54.4200,54.1500,296.0900,154.5300,38.3300,358.3900,285.4800,69.2300
12/16/19,279.8600,205.0000,1769.2100,293.5000,148.4600,9.3900,197.9200,66.1200,1360.7000,137.3400,54.4200,54.3500,296.9600,155.5300,39.1400,381.5000,292.0300,70.0000
12/17/19,280.4100,203.4000,1790.6600,295.5500,147.7300,9.3900,198.3900,66.2000,1354.8900,138.1800,54.4200,54.1800,296.0000,154.6900,38.9000,378.9900,290.4700,69.6800
12/18/19,279.7400,205.7600,1784.0300,291.8700,146.2600,9.5400,202.5000,65.6800,1351.9100,138.0400,53.9100,53.6000,294.7400,154.3700,38.8900,393.1500,292.9000,69.8700
12/19/19,280.0200,208.3000,1792.2800,293.7100,146.1500,9.4100,206.0600,65.2900,1356.4400,137.3500,54.3200,54.0800,297.5300,155.7100,38.9700,404.0400,294.6200,69.3900
12/20/19,279.4400,211.1000,1786.5000,294.8300,146.8800,9.4800,206.3000,66.8500,1351.2200,137.2400,54.9700,54.6300,298.5700,157.4100,39.2300,405.5900,292.5900,69.9400
12/23/19,284.0000,210.8300,1793.0000,293.3100,144.6800,9.4400,206.1800,66.7500,1350.6300,137.2000,54.9100,55.2500,297.2700,157.4100,39.3200,419.2200,295.0900,70.2900
12/24/19,284.2700,211.6100,1789.2100,294.2300,145.2900,9.4700,205.1200,66.7200,1344.4300,137.5800,54.7100,54.9400,297.4800,157.3800,39.2900,425.2500,294.5400,70.0200
12/26/19,289.9100,212.0500,1868.7700,295.7300,145.7000,9.4500,207.7900,66.3900,1362.4700,139.0400,55.0200,54.9000,299.2000,158.6700,39.3800,430.9400,295.6500,70.1300
12/27/19,289.8000,212.2200,1869.8000,294.1100,145.7500,9.3600,208.1000,65.9500,1354.6400,139.1400,55.3500,54.3200,300.7400,158.9600,39.3200,430.3800,295.9700,69.8900
12/30/19,291.5200,210.6400,1846.8900,295.1400,143.7700,9.2500,204.4100,64.9300,1339.7100,138.6300,55.2700,54.0800,297.7200,157.5900,38.9100,414.7000,293.8500,69.4800
12/31/19,293.6500,210.5700,1847.8400,293.9200,144.6300,9.3000,205.2500,64.9800,1339.3900,139.4000,55.3500,53.9800,298.5900,157.7000,39.1800,418.3300,293.9800,69.7800
